,0
0,LABS0003O
1,LABS0006
2,LABS0027O
3,LABS0028
4,LABS0037
5,LABS0040
6,LABS0046
7,LABS0047
8,LABS0050O
9,LABS0068
10,LABS0075
11,LABS0129
12,LABS0139
13,LABS0147O
14,LABS0150O
15,LABS0156O
16,LABS0157
17,LABS0165
18,LABS0204
19,LABS0243O
20,LABS0254
21,LABS0289
22,LABS0294
23,LABS0298
24,LABS0311O
25,LABS0312
26,LABS0313
27,LABS0320O
28,LABS0322O
29,LABS0325
30,LABS0341I
31,LABS0342
32,LABS0352O
33,LABS0372O
34,LABS0393O
35,LABS0404O
36,LABS0414O
37,LABS0427O
38,LABS0439O
39,LABS0464
40,LABS0465O
41,LABS0505
42,LABS0559
43,LABS0596
44,LABS0601O
45,LABS0612O
46,LABS0618O
47,LABS0628
48,LABS0637O
49,LABS0658
50,LABS0660O
51,LABS0668
52,LABS0703
53,LABS0704
54,LABS0716
55,LABS0767I
56,LABS0777O
57,LABS0885
58,LABS0901
59,LABS0912
60,LABS0961I
61,LABS0983
62,LABS0987
63,LABS1099
64,LABS1203
65,LABS1253
66,LABS1255
67,LABS1266O
68,LABS1279
69,LABS1285
70,LABS1287
71,LABS1296O
72,LABS1326
73,LABS1390
74,LABS1405O
75,LABS1428O
76,LABS1631
77,LABS1778
78,LABS1785
79,LABS1787
80,LABS1789
81,LABS1791
82,LABS1793
83,LABS1799
84,LABS1815
85,LABS1827
86,LABS1829
87,LABS1891I
88,LABS1893
89,LABS1895
90,LABS1897
91,LABS1899
92,LABS2040
93,LABS2068
94,LABS2089
95,LABS2090
96,LABS2099
97,LABS2127
98,LABS2133O
99,LABS2135
100,LABS2137
101,LABS2139O
102,LABS2145
103,LABS2192
104,LABS2225
105,LABS2229
106,LABS2235
107,LABS2280
108,LABS2369O
109,LABS2404
110,LABS2612
111,LABS2635
112,LABS2653
113,LABS2757
114,LABS2795
115,LABS2857
116,LABS2861
117,LABS2863
118,LABS2887
119,LABS2997I
120,LABS3015
121,LABS3019
122,LABS3023O
123,LABS3025O
124,LABS3031O
125,LABS3039O
126,LABS3043O
127,LABS3044
128,LABS3045O
129,LABS3046
130,LABS3047O
131,LABS3049O
132,LABS3054O
133,LABS3170
134,LABS3186
135,LABS3210O
136,LABS3237
137,LABS3239
138,LABS3240O
139,LABS3243
140,LABS3250O
141,LABS3353
142,LABS3420O
143,LABS3424
144,LABS3434
145,LABS3493
146,LABS3522
147,LABS3577
148,LABS3581
149,LABS3585
150,LABS3587
151,LABS3589
152,LABS3591
153,LABS3593
154,LABS3602O
155,LABS3702
156,LABS3709
157,LABS3717
158,LABS3718
159,LABS3719
160,LABS3721
161,LABS3723
162,LABS3768
163,LABS3802
164,LABS3833
165,LABS3893
166,LABS3902
167,LABS4007O
168,LABS4033
169,LABS4039
170,LABS4041I
171,LABS4043O
172,LABS4049
173,LABS4050
174,LABS4057O
175,LABS4058
176,LABS4067O
177,LABS4130
178,LABS4133O
179,LABS4155
180,LABS4165O
181,LABS4265O
182,LABS4308O
183,LABS4337
184,LABS4351O
185,LABS4391O
186,LABS4393O
187,LABS4395O
188,LABS4397O
189,LABS4417
190,LABS4435
191,LABS4453
192,LABS4455
193,LABS4465
194,LABS4467
195,LABS4469
196,LABS4495
197,LABS4503
198,LABS4515
199,LABS4533
200,LABS4541O
201,LABS4622
202,LABS4632
203,LABS4634
204,LABS4636
205,LABS4638
206,LABS4648O
207,LABS4670
208,LABS4672
209,LABS4674
210,LABS4676
211,LABS4682
212,LABS4686
213,LABS4690
214,LABS4692
215,LABS4694
216,LABS4696
217,LABS4698O
218,LABS4706
219,LABS4712
220,LABS4716
221,LABS4718
222,LABS4722O
223,LABS4726
224,LABS4730
225,LABS4801
226,LABS4898O
227,LABS4908
228,LABS4970
229,LABS4998O
230,LABS5106
231,LABS5167O
232,LABS5183
233,LABS5189
234,LABS5235
235,LABS5246
236,LABS5262
237,LABS5265
238,LABS5266O
239,LABS5267
240,LABS5273
241,LABS5275O
242,LABS5277
243,LABS5281
244,LABS5283
245,LABS5293
246,LABS5301
247,LABS5303
248,LABS5305
249,LABS5307
250,LABS5309
251,LABS5311
252,LABS5314O
253,LABS5315
254,LABS5321
255,LABS5323
256,LABS5327
257,LABS5329
258,LABS5331
259,LABS5333
260,LABS5335
261,LABS5337
262,LABS5339O
263,LABS5341O
264,LABS5343
265,LABS5351O
266,LABS5355
267,LABS5357O
268,LABS5359
269,LABS5361
270,LABS5365
271,LABS5367
272,LABS5369
273,LABS5379
274,LABS5383
275,LABS5385
276,LABS5387
277,LABS5388
278,LABS5389
279,LABS5390
280,LABS5399
281,LABS5503
282,LABS5505
283,LABS5509
284,LABS5511
285,LABS5513
286,LABS5515
287,LABS5517
288,LABS5519
289,LABS5523O
290,LABS5525O
291,LABS5529
292,LABS5539
293,LABS5541
294,LABS5543
295,LABS5545
296,LABS5547
297,LABS5549
298,LABS5553O
299,LABS5555
300,LABS5557
301,LABS5562
302,LABS5563
303,LABS5567
304,LABS5571O
305,LABS5572
306,LABS5573
307,LABS5584
308,LABS5585
309,LABS5591O
310,LABS5601O
311,LABS5605
312,LABS5607
313,LABS5609
314,LABS5611
315,LABS5622
316,LABS5629
317,LABS5631
318,LABS5633
319,LABS5639
320,LABS5641
321,LABS5645
322,LABS5651
323,LABS5654
324,LABS5656
325,LABS5657
326,LABS5659
327,LABS5663O
328,LABS5665
329,LABS5667
330,LABS5715O
331,LABS5717
332,LABS5721
333,LABS5722
334,LABS5723
335,LABS5725
336,LABS5731
337,LABS5733
338,LABS5735
339,LABS5739
340,LABS5741
341,LABS5745O
342,LABS5747
343,LABS5748
344,LABS5749
345,LABS5801
346,LABS5805
347,LABS5903
348,LABS5925
349,LABS5935
350,LABS5966
351,LABS5969
352,LABS5995
353,LABS5999O
354,LABS6041
355,LABS6067
356,LABS6106
357,LABS6107
358,LABS6127
359,LABS6129
360,LABS6137
361,LABS6141
362,LABS6147
363,LABS6149
364,LABS6213I
365,LABS6296
366,LABS6304O
367,LBBK0005
368,LBBK0009
369,LBBK0013O
370,LBBK0017
371,LBBK0022
372,LBBK0029O
373,LBBK0033
374,LBBK0071O
375,LBBK0073O
376,LBBK0079O
377,LBBK0089O
378,LBBK0091O
379,LBBK0093O
380,LBBK0097O
381,LBBK0101O
382,LBBK0104O
383,LBBK0107O
384,LBBK0111O
385,LBBK0113O
386,LBBK0119O
387,LBBK0123O
388,LBBK0133O
389,LBBK0135O
390,LBBK0137O
391,LBBK0153O
392,LBBK0162O
393,LBBK0167O
394,LBBK0183O
395,LBBK0191O
396,LBBK0201
397,LBBK0203
398,LBBK0207O
399,LBBK0211O
400,LBBK0217O
401,LBBK0223O
402,LBBK0233O
403,LBBK0235O
404,LBBK0237O
405,LBBK0239O
406,LBBK0241
407,LBBK0245O
408,LBBK0247O
409,LBBK0249O
410,LBBK0255O
411,LBBK0257O
412,LBBK0277
413,LBBK0281O
414,LBBK0283O
415,LBBK0284O
416,LBBK0285O
417,LBBK0303O
418,LBBK0307O
419,LBBK0314
420,LBBK0315O
421,LBBK0321O
422,LBBK0323O
423,LBBK0329
424,LBBK0339
425,LBBK0347O
426,LBBK0349I
427,LBBK0357O
428,LBBK0359O
429,LBBK0361
430,LBBK0363O
431,LBBK0365O
432,LBBK0373O
433,LBBK0375O
434,LBBK0377
435,LBBK0378O
436,LBBK0379O
437,LBBK0381O
438,LBBK0383
439,LBBK0394O
440,LBBK0395O
441,LBBK0397O
442,LBBK0399O
443,LBBK0400O
444,LBBK0405O
445,LBBK0415O
446,LBBK0441O
447,LBBK0449
448,LBBK0455I
449,LBBK0456O
450,LBBK0481O
451,LBBK0487I
452,LBBK0491O
453,LBBK0493O
454,LBBK0495O
455,LBBK0500O
456,LBBK0501O
457,LBBK0503O
458,LBBK0529O
459,LBBK0565O
460,LBBK0571O
461,LBBK0577O
462,LBBK0589O
463,LBBK0591O
464,LBBK0595O
465,LBBK0597O
466,LBBK0599O
467,LBBK0605O
468,LBBK0607O
469,LBBK0609O
470,LBBK0611O
471,LBBK0615O
472,LBBK0617O
473,LBBK0619O
474,LBBK0623O
475,LBBK0625O
476,LBBK0627O
477,LBBK0629O
478,LBBK0651O
479,LBBK0665O
480,LBBK0669O
481,LBBK0673O
482,LBBK0689O
483,LBBK0709O
484,LBBK0712O
485,LBBK0718O
486,LBBK0721
487,LBBK0733O
488,LBBK0741I
489,LBBK0751O
490,LBBK0761O
491,LBBK0765O
492,LBBK0773O
493,LBBK0775O
494,LBBK0783O
495,LBBK0789
496,LBBK0791O
497,LBBK0799O
498,LBBK0812O
499,LBBK0813I
500,LBBK0833
501,LBBK0841
502,LBBK0845O
503,LBBK0853O
504,LBBK0855
505,LBBK0863
506,LBBK0865O
507,LBBK0869O
508,LBBK0873O
509,LBBK0887O
510,LBBK0888O
511,LBBK0889O
512,LBBK0913O
513,LBBK0945O
514,LBBK0951O
515,LBBK0953O
516,LBBK0967O
517,LBBK0978O
518,LBBK0979O
519,LBBK0981O
520,LBBK0991O
521,LBBK1001O
522,LBBK1003O
523,LBBK1005O
524,LBBK1007O
525,LBBK1009O
526,LBBK1011O
527,LBBK1013O
528,LBBK1015O
529,LBBK1017O
530,LBBK1021O
531,LBBK1022O
532,LBBK1023O
533,LBBK1025O
534,LBBK1027
535,LBBK1029O
536,LBBK1031
537,LBBK1033O
538,LBBK1035O
539,LBBK1037O
540,LBBK1039O
541,LBBK1041O
542,LBBK1043
543,LBBK1045O
544,LBBK1047I
545,LBBK1049O
546,LBBK1051O
547,LBBK1053O
548,LBBK1055O
549,LBBK1057O
550,LBBK1059O
551,LBBK1061O
552,LBBK1063O
553,LBBK1065O
554,LBBK1067
555,LBBK1069O
556,LBBK1071O
557,LBBK1072I
558,LBBK1073O
559,LBBK1074I
560,LBBK1075O
561,LBBK1077O
562,LBBK1079O
563,LBBK1082I
564,LBBK1083O
565,LBBK1084I
566,LBBK1086I
567,LBBK1087O
568,LBBK1088I
569,LBBK1089
570,LBBK1091O
571,LBBK1093O
572,LBBK1094I
573,LBBK1095O
574,LBBK1097O
575,LBBK1098I
576,LBBK1100I
577,LBBK1104O
578,LBBK1105O
579,LBBK1107O
580,LBBK1114
581,LBBK1115O
582,LBBK1130I
583,LBBK1139O
584,LBBK1156O
585,LBBK1161O
586,LBBK1175I
587,LBBK1177I
588,LBBK1179O
589,LBBK1183O
590,LBBK1185I
591,LBBK1187I
592,LBBK1191O
593,LBBK1194O
594,LBBK1195I
595,LBBK1212
596,LBBK1226
597,LBBK1227O
598,LBBK1241
599,LBBK1271
600,LBBK1281
601,LBBK1283
602,LBBK1284I
603,LBBK1286O
604,LBBK1289O
605,LBBK1315O
606,LBBK1317
607,LBBK1323I
608,LBBK1324
609,LBBK1325I
610,LBBK1360
611,LBBK1366
612,LBBK1433
613,LBBK1450I
614,LBBK1471I
615,LBBK1474O
616,LBBK1546O
617,LBBK1578O
618,LBBK1580O
619,LBBK1597O
620,LBBK1625O
621,LBBK1694O
622,LBBK1735O
623,LBBK1756O
624,LBBK1763O
625,LBBK1765I
626,LBBK1806I
627,LBBK1821O
628,LBBK1845I
629,LBBK1853I
630,LBBK1860O
631,LBBK1877O
632,LBBK1887I
633,LBBK1894I
634,LBBK1901O
635,LBBK1905O
636,LBBK1947O
637,LBBK2012
638,LBBK2018
639,LBBK2021I
640,LBBK2026
641,LBBK2035O
642,LBBK2051O
643,LBBK2056
644,LBBK2084I
645,LBBK2094
646,LBBK2095O
647,LBBK2100
648,LBBK2110O
649,LBBK2119O
650,LBBK2128O
651,LBBK2136O
652,LBBK2141I
653,LBBK2148O
654,LBBK2155O
655,LBBK2224O
656,LBBK2230O
657,LBBK2239O
658,LBBK2240
659,LBBK2248O
660,LBBK2260
661,LBBK2264O
662,LBBK2282O
663,LBBK2295O
664,LBBK2301
665,LBBK2303
666,LBBK2305
667,LBBK2307
668,LBBK2309
669,LBBK2311
670,LBBK2313
671,LBBK2315
672,LBBK2317
673,LBBK2319
674,LBBK2321
675,LBBK2323
676,LBBK2325
677,LBBK2327
678,LBBK2331
679,LBBK2333
680,LBBK2335
681,LBBK2337
682,LBBK2339
683,LBBK2341
684,LBBK2343
685,LBBK2345
686,LBBK2347
687,LBBK2349
688,LBBK2351
689,LBBK2353
690,LBBK2355
691,LBBK2357
692,LBBK2359
693,LBBK2361
694,LBBK2363
695,LBBK2365
696,LBBK2367
697,LBBK2371
698,LBBK2373
699,LBBK2375
700,LBBK2377
701,LBBK2379
702,LBBK2381
703,LBBK2383
704,LBBK2385
705,LBBK2389
706,LBBK2391
707,LBBK2393
708,LBBK2395
709,LBBK2397
710,LBBK2399
711,LBBK2403O
712,LBBK2423O
713,LBBK2425I
714,LBBK2429O
715,LBBK2431O
716,LBBK2433O
717,LBBK2435O
718,LBBK2439O
719,LBBK2441O
720,LBBK2443O
721,LBBK2445O
722,LBBK2447O
723,LBBK2451O
724,LBBK2453O
725,LBBK2455O
726,LBBK2457O
727,LBBK2459O
728,LBBK2463O
729,LBBK2465O
730,LBBK2469O
731,LBBK2471O
732,LBBK2473O
733,LBBK2475O
734,LBBK2477O
735,LBBK2479O
736,LBBK2481O
737,LBBK2483O
738,LBBK2485I
739,LBBK2487O
740,LBBK2489O
741,LBBK2491O
742,LBBK2493O
743,LBBK2495O
744,LBBK2499O
745,LBBK2501
746,LBBK2503
747,LBBK2505
748,LBBK2507
749,LBBK2509
750,LBBK2513
751,LBBK2517
752,LBBK2519
753,LBBK2521
754,LBBK2523
755,LBBK2525
756,LBBK2527
757,LBBK2531
758,LBBK2533
759,LBBK2537
760,LBBK2539
761,LBBK2541
762,LBBK2543
763,LBBK2545
764,LBBK2547
765,LBBK2549
766,LBBK2551
767,LBBK2553
768,LBBK2555
769,LBBK2557
770,LBBK2559
771,LBBK2560O
772,LBBK2561
773,LBBK2563
774,LBBK2565
775,LBBK2571
776,LBBK2573
777,LBBK2575
778,LBBK2577
779,LBBK2579
780,LBBK2581
781,LBBK2585
782,LBBK2587
783,LBBK2589
784,LBBK2595
785,LBBK2599
786,LBBK2601O
787,LBBK2602I
788,LBBK2604I
789,LBBK2605O
790,LBBK2610O
791,LBBK2613O
792,LBBK2616
793,LBBK2618
794,LBBK2622O
795,LBBK2662O
796,LBBK2666O
797,LBBK2696O
798,LBBK2701O
799,LBBK2704O
800,LBBK2753O
801,LBBK2758O
802,LBBK2820I
803,LBBK2826
804,LBBK2878
805,LBBK2890O
806,LBBK2901O
807,LBBK2903O
808,LBBK2905O
809,LBBK2907
810,LBBK2909
811,LBBK2911O
812,LBBK2913O
813,LBBK2915O
814,LBBK2917O
815,LBBK2919O
816,LBBK2921O
817,LBBK2923O
818,LBBK2925
819,LBBK2927O
820,LBBK2931O
821,LBBK2935
822,LBBK2937O
823,LBBK2941O
824,LBBK2943O
825,LBBK2949O
826,LBBK2951O
827,LBBK2953
828,LBBK2955
829,LBBK2959I
830,LBBK2961I
831,LBBK2963I
832,LBBK2965O
833,LBBK2967O
834,LBBK2969O
835,LBBK2971O
836,LBBK2973O
837,LBBK2974O
838,LBBK2975O
839,LBBK2979O
840,LBBK2981O
841,LBBK2982O
842,LBBK2985
843,LBBK2987I
844,LBBK2989O
845,LBBK2991O
846,LBBK2993O
847,LBBK2995
848,LBBK2999O
849,LBBK3000O
850,LBBK3014O
851,LBBK3017
852,LBBK3021I
853,LBBK3022O
854,LBBK3027
855,LBBK3033O
856,LBBK3037O
857,LBBK3041O
858,LBBK3052O
859,LBBK3057O
860,LBBK3058
861,LBBK3059O
862,LBBK3061O
863,LBBK3063O
864,LBBK3065O
865,LBBK3067O
866,LBBK3069O
867,LBBK3073O
868,LBBK3075O
869,LBBK3077O
870,LBBK3079O
871,LBBK3081O
872,LBBK3083O
873,LBBK3087O
874,LBBK3091O
875,LBBK3093O
876,LBBK3095I
877,LBBK3097I
878,LBBK3099O
879,LBBK3101O
880,LBBK3103O
881,LBBK3109O
882,LBBK3111O
883,LBBK3113O
884,LBBK3115O
885,LBBK3117O
886,LBBK3119O
887,LBBK3121O
888,LBBK3123O
889,LBBK3125O
890,LBBK3127O
891,LBBK3129O
892,LBBK3131O
893,LBBK3133O
894,LBBK3135O
895,LBBK3139O
896,LBBK3141O
897,LBBK3143O
898,LBBK3147O
899,LBBK3161O
900,LBBK3163O
901,LBBK3169O
902,LBBK3173O
903,LBBK3177O
904,LBBK3179O
905,LBBK3180
906,LBBK3185O
907,LBBK3191O
908,LBBK3192
909,LBBK3197O
910,LBBK3198O
911,LBBK3205O
912,LBBK3207O
913,LBBK3209I
914,LBBK3211I
915,LBBK3213O
916,LBBK3217O
917,LBBK3218O
918,LBBK3219O
919,LBBK3223O
920,LBBK3225I
921,LBBK3227O
922,LBBK3235O
923,LBBK3241O
924,LBBK3245O
925,LBBK3247O
926,LBBK3251O
927,LBBK3257O
928,LBBK3259O
929,LBBK3261O
930,LBBK3263O
931,LBBK3265O
932,LBBK3267O
933,LBBK3269O
934,LBBK3271O
935,LBBK3273I
936,LBBK3275O
937,LBBK3277O
938,LBBK3279O
939,LBBK3281O
940,LBBK3287O
941,LBBK3295O
942,LBBK3377
943,LBBK3383
944,LBBK3385
945,LBBK3387
946,LBBK3389
947,LBBK3393
948,LBBK3395
949,LBBK3397
950,LBBK3402O
951,LBBK3409
952,LBBK3422O
953,LBBK3439I
954,LBBK3460
955,LBBK3464O
956,LBBK3472
957,LBBK3516O
958,LBBK3519
959,LBBK3521O
960,LBBK3551O
961,LBBK3553O
962,LBBK3555O
963,LBBK3561O
964,LBBK3595O
965,LBBK3597O
966,LBBK3599O
967,LBBK3604O
968,LBBK3606O
969,LBBK3608
970,LBBK3630O
971,LBBK3655
972,LBBK3659O
973,LBBK3663O
974,LBBK3667O
975,LBBK3687O
976,LBBK3691O
977,LBBK3694
978,LBBK3703O
979,LBBK3710O
980,LBBK3732
981,LBBK3733O
982,LBBK3735O
983,LBBK3739O
984,LBBK3743I
985,LBBK3745O
986,LBBK3749O
987,LBBK3751O
988,LBBK3753I
989,LBBK3755I
990,LBBK3759O
991,LBBK3761O
992,LBBK3765O
993,LBBK3767O
994,LBBK3769O
995,LBBK3771O
996,LBBK3773O
997,LBBK3775
998,LBBK3779O
999,LBBK3781O
1000,LBBK3783O
1001,LBBK3787O
1002,LBBK3795O
1003,LBBK3797I
1004,LBBK3799O
1005,LBBK3807O
1006,LBBK3823O
1007,LBBK3825O
1008,LBBK3827I
1009,LBBK3828O
1010,LBBK3829O
1011,LBBK3831O
1012,LBBK3835O
1013,LBBK3837O
1014,LBBK3839O
1015,LBBK3843O
1016,LBBK3845O
1017,LBBK3847O
1018,LBBK3851O
1019,LBBK3853O
1020,LBBK3855O
1021,LBBK3857O
1022,LBBK3859O
1023,LBBK3861O
1024,LBBK3862O
1025,LBBK3863O
1026,LBBK3865O
1027,LBBK3867O
1028,LBBK3869O
1029,LBBK3871O
1030,LBBK3873O
1031,LBBK3875O
1032,LBBK3877O
1033,LBBK3879O
1034,LBBK3881O
1035,LBBK3883O
1036,LBBK3885O
1037,LBBK3889O
1038,LBBK3891O
1039,LBBK3895O
1040,LBBK3897O
1041,LBBK3899O
1042,LBBK3905O
1043,LBBK3906O
1044,LBBK3907O
1045,LBBK3909O
1046,LBBK3911O
1047,LBBK3915I
1048,LBBK3917O
1049,LBBK3919O
1050,LBBK3921O
1051,LBBK3923O
1052,LBBK3927O
1053,LBBK3929O
1054,LBBK3931O
1055,LBBK3932O
1056,LBBK3933O
1057,LBBK3935O
1058,LBBK3937O
1059,LBBK3939O
1060,LBBK3943O
1061,LBBK3945O
1062,LBBK3947O
1063,LBBK3951O
1064,LBBK3953O
1065,LBBK3955O
1066,LBBK3957O
1067,LBBK3959O
1068,LBBK3961O
1069,LBBK3965O
1070,LBBK3967O
1071,LBBK3969O
1072,LBBK3971O
1073,LBBK3973O
1074,LBBK3977O
1075,LBBK3979O
1076,LBBK3981O
1077,LBBK3983O
1078,LBBK3987O
1079,LBBK3989O
1080,LBBK3993O
1081,LBBK3995O
1082,LBBK3997O
1083,LBBK3999O
1084,LBBK4001O
1085,LBBK4003O
1086,LBBK4005O
1087,LBBK4013O
1088,LBBK4015O
1089,LBBK4017O
1090,LBBK4019O
1091,LBBK4021O
1092,LBBK4025O
1093,LBBK4028O
1094,LBBK4029O
1095,LBBK4031O
1096,LBBK4035O
1097,LBBK4037O
1098,LBBK4047O
1099,LBBK4051O
1100,LBBK4053O
1101,LBBK4059O
1102,LBBK4062O
1103,LBBK4075O
1104,LBBK4077O
1105,LBBK4081O
1106,LBBK4083O
1107,LBBK4084O
1108,LBBK4085O
1109,LBBK4087O
1110,LBBK4089O
1111,LBBK4091O
1112,LBBK4095O
1113,LBBK4097O
1114,LBBK4099O
1115,LBBK4101O
1116,LBBK4103O
1117,LBBK4105O
1118,LBBK4107O
1119,LBBK4109O
1120,LBBK4112I
1121,LBBK4112l
1122,LBBK4113O
1123,LBBK4115O
1124,LBBK4117O
1125,LBBK4121O
1126,LBBK4123O
1127,LBBK4127O
1128,LBBK4129O
1129,LBBK4131O
1130,LBBK4135O
1131,LBBK4137O
1132,LBBK4139O
1133,LBBK4141O
1134,LBBK4143O
1135,LBBK4145O
1136,LBBK4149I
1137,LBBK4153O
1138,LBBK4161I
1139,LBBK4163O
1140,LBBK4168
1141,LBBK4169
1142,LBBK4171O
1143,LBBK4173O
1144,LBBK4175O
1145,LBBK4177O
1146,LBBK4179O
1147,LBBK4181O
1148,LBBK4183O
1149,LBBK4185O
1150,LBBK4187O
1151,LBBK4189O
1152,LBBK4191O
1153,LBBK4193O
1154,LBBK4197O
1155,LBBK4199
1156,LBBK4201
1157,LBBK4203O
1158,LBBK4205O
1159,LBBK4207
1160,LBBK4209
1161,LBBK4213O
1162,LBBK4215O
1163,LBBK4217O
1164,LBBK4221O
1165,LBBK4223O
1166,LBBK4225O
1167,LBBK4226O
1168,LBBK4227O
1169,LBBK4229O
1170,LBBK4231
1171,LBBK4235O
1172,LBBK4237
1173,LBBK4239O
1174,LBBK4241O
1175,LBBK4243O
1176,LBBK4245O
1177,LBBK4247O
1178,LBBK4249O
1179,LBBK4251O
1180,LBBK4253O
1181,LBBK4255O
1182,LBBK4259O
1183,LBBK4261O
1184,LBBK4263O
1185,LBBK4267O
1186,LBBK4269O
1187,LBBK4271O
1188,LBBK4275
1189,LBBK4277O
1190,LBBK4279O
1191,LBBK4281O
1192,LBBK4283O
1193,LBBK4285O
1194,LBBK4287O
1195,LBBK4288O
1196,LBBK4291O
1197,LBBK4293O
1198,LBBK4295O
1199,LBBK4298O
1200,LBBK4299
1201,LBBK4320
1202,LBBK4326I
1203,LBBK4357O
1204,LBBK4362O
1205,LBBK4419
1206,LBBK4434O
1207,LBBK4454O
1208,LBBK4494
1209,LBBK4518
1210,LBBK4535
1211,LBBK4537O
1212,LBBK4539
1213,LBBK4558O
1214,LBBK4765
1215,LBBK4789
1216,LBBK4793O
1217,LBBK4795
1218,LBBK4797O
1219,LBBK4799O
1220,LBBK4803O
1221,LBBK4807O
1222,LBBK4809O
1223,LBBK4811O
1224,LBBK4813O
1225,LBBK4815O
1226,LBBK4817O
1227,LBBK4819O
1228,LBBK4821O
1229,LBBK4823O
1230,LBBK4829O
1231,LBBK4831O
1232,LBBK4835O
1233,LBBK4837O
1234,LBBK4839O
1235,LBBK4841O
1236,LBBK4843I
1237,LBBK4845I
1238,LBBK4847O
1239,LBBK4849O
1240,LBBK4851O
1241,LBBK4853O
1242,LBBK4855O
1243,LBBK4857O
1244,LBBK4861O
1245,LBBK4863O
1246,LBBK4869O
1247,LBBK4871O
1248,LBBK4873I
1249,LBBK4875O
1250,LBBK4877O
1251,LBBK4879I
1252,LBBK4881O
1253,LBBK4885O
1254,LBBK4887O
1255,LBBK4891O
1256,LBBK4893O
1257,LBBK4895O
1258,LBBK4897O
1259,LBBK4903
1260,LBBK4905O
1261,LBBK4909O
1262,LBBK4913O
1263,LBBK4916O
1264,LBBK4917O
1265,LBBK4918O
1266,LBBK4919O
1267,LBBK4921O
1268,LBBK4927O
1269,LBBK4929O
1270,LBBK4931O
1271,LBBK4935O
1272,LBBK4937O
1273,LBBK4938O
1274,LBBK4939O
1275,LBBK4941O
1276,LBBK4943O
1277,LBBK4945O
1278,LBBK4949
1279,LBBK4950O
1280,LBBK4951O
1281,LBBK4952O
1282,LBBK4953O
1283,LBBK4955
1284,LBBK4957O
1285,LBBK4959O
1286,LBBK4961O
1287,LBBK4967O
1288,LBBK4969O
1289,LBBK4971O
1290,LBBK4973O
1291,LBBK4975O
1292,LBBK4977O
1293,LBBK4978O
1294,LBBK4979O
1295,LBBK4983O
1296,LBBK4987O
1297,LBBK4989O
1298,LBBK4991I
1299,LBBK4993O
1300,LBBK4995O
1301,LBBK4997O
1302,LBBK4999
1303,LBBK5003
1304,LBBK5005O
1305,LBBK5013O
1306,LBBK5015O
1307,LBBK5017O
1308,LBBK5019O
1309,LBBK5021
1310,LBBK5023I
1311,LBBK5025I
1312,LBBK5027I
1313,LBBK5029I
1314,LBBK5031I
1315,LBBK5035O
1316,LBBK5037
1317,LBBK5039
1318,LBBK5041
1319,LBBK5043
1320,LBBK5045
1321,LBBK5051I
1322,LBBK5053I
1323,LBBK5055I
1324,LBBK5057I
1325,LBBK5059O
1326,LBBK5061O
1327,LBBK5063O
1328,LBBK5065O
1329,LBBK5067O
1330,LBBK5069O
1331,LBBK5071O
1332,LBBK5073I
1333,LBBK5075O
1334,LBBK5077I
1335,LBBK5079I
1336,LBBK5081I
1337,LBBK5087O
1338,LBBK5089O
1339,LBBK5091O
1340,LBBK5093O
1341,LBBK5097I
1342,LBBK5099I
1343,LBBK5123O
1344,LBBK5125O
1345,LBBK5127O
1346,LBBK5134I
1347,LBBK5163
1348,LBBK5171O
1349,LBBK5175O
1350,LBBK5177O
1351,LBBK5181I
1352,LBBK5185O
1353,LBBK5187
1354,LBBK5193
1355,LBBK5204I
1356,LBBK5207O
1357,LBBK5209O
1358,LBBK5217O
1359,LBBK5229O
1360,LBBK5231O
1361,LBBK5233O
1362,LBBK5245O
1363,LBBK5255
1364,LBBK5257O
1365,LBBK5268O
1366,LBBK5271O
1367,LBBK5284O
1368,LBBK5285
1369,LBBK5287O
1370,LBBK5288O
1371,LBBK5289O
1372,LBBK5290O
1373,LBBK5297
1374,LBBK5299
1375,LBBK5306
1376,LBBK5319O
1377,LBBK5320O
1378,LBBK5347O
1379,LBBK5364I
1380,LBBK5371I
1381,LBBK5374O
1382,LBBK5395O
1383,LBBK5401O
1384,LBBK5403O
1385,LBBK5405O
1386,LBBK5407O
1387,LBBK5409O
1388,LBBK5411O
1389,LBBK5413O
1390,LBBK5415O
1391,LBBK5415T
1392,LBBK5417O
1393,LBBK5421I
1394,LBBK5423O
1395,LBBK5425O
1396,LBBK5427O
1397,LBBK5433O
1398,LBBK5434O
1399,LBBK5435O
1400,LBBK5437O
1401,LBBK5441O
1402,LBBK5443O
1403,LBBK5445O
1404,LBBK5447O
1405,LBBK5449O
1406,LBBK5451O
1407,LBBK5453O
1408,LBBK5455O
1409,LBBK5459O
1410,LBBK5461I
1411,LBBK5463I
1412,LBBK5465I
1413,LBBK5467I
1414,LBBK5469O
1415,LBBK5471O
1416,LBBK5473O
1417,LBBK5475O
1418,LBBK5477O
1419,LBBK5479O
1420,LBBK5481O
1421,LBBK5483O
1422,LBBK5485O
1423,LBBK5487O
1424,LBBK5491O
1425,LBBK5495O
1426,LBBK5497O
1427,LBBK5499O
1428,LBBK5501
1429,LBBK5535O
1430,LBBK5561I
1431,LBBK5565
1432,LBBK5569
1433,LBBK5577O
1434,LBBK5579
1435,LBBK5581
1436,LBBK5583
1437,LBBK5589I
1438,LBBK5593O
1439,LBBK5595O
1440,LBBK5597I
1441,LBBK5617
1442,LBBK5621
1443,LBBK5623
1444,LBBK5625O
1445,LBBK5653O
1446,LBBK5662I
1447,LBBK5671I
1448,LBBK5673I
1449,LBBK5675O
1450,LBBK5677O
1451,LBBK5679O
1452,LBBK5681O
1453,LBBK5683O
1454,LBBK5685O
1455,LBBK5687O
1456,LBBK5689O
1457,LBBK5691O
1458,LBBK5693O
1459,LBBK5695O
1460,LBBK5697O
1461,LBBK5699O
1462,LBBK5709O
1463,LBBK5729O
1464,LBBK5746O
1465,LBBK5751O
1466,LBBK5752O
1467,LBBK5761O
1468,LBBK5763O
1469,LBBK5765O
1470,LBBK5767O
1471,LBBK5769O
1472,LBBK5771O
1473,LBBK5773O
1474,LBBK5779O
1475,LBBK5781O
1476,LBBK5783O
1477,LBBK5787O
1478,LBBK5789O
1479,LBBK5793O
1480,LBBK5795O
1481,LBBK5797O
1482,LBBK5807O
1483,LBBK5809O
1484,LBBK5811O
1485,LBBK5813O
1486,LBBK5815O
1487,LBBK5817O
1488,LBBK5819O
1489,LBBK5821O
1490,LBBK5823O
1491,LBBK5825O
1492,LBBK5831O
1493,LBBK5833O
1494,LBBK5835O
1495,LBBK5837O
1496,LBBK5839O
1497,LBBK5841O
1498,LBBK5843O
1499,LBBK5845O
1500,LBBK5847O
1501,LBBK5849O
1502,LBBK5851O
1503,LBBK5853O
1504,LBBK5855O
1505,LBBK5857O
1506,LBBK5859O
1507,LBBK5861O
1508,LBBK5863O
1509,LBBK5865O
1510,LBBK5867O
1511,LBBK5869O
1512,LBBK5871O
1513,LBBK5873O
1514,LBBK5875O
1515,LBBK5877O
1516,LBBK5879O
1517,LBBK5883O
1518,LBBK5885O
1519,LBBK5887O
1520,LBBK5889O
1521,LBBK5891O
1522,LBBK5893O
1523,LBBK5895O
1524,LBBK5897O
1525,LBBK5899O
1526,LBBK5911O
1527,LBBK5917O
1528,LBBK5926O
1529,LBBK5939
1530,LBBK5942O
1531,LBBK5948
1532,LBBK5949O
1533,LBBK5950O
1534,LBBK5955O
1535,LBBK5956O
1536,LBBK5957
1537,LBBK5959O
1538,LBBK5961O
1539,LBBK5963I
1540,LBBK5965O
1541,LBBK5978O
1542,LBBK5981O
1543,LBBK5985O
1544,LBBK5987O
1545,LBBK6007I
1546,LBBK6009O
1547,LBBK6012O
1548,LBBK6016O
1549,LBBK6022O
1550,LBBK6051I
1551,LBBK6056O
1552,LBBK6062O
1553,LBBK6063
1554,LBBK6065I
1555,LBBK6069O
1556,LBBK6070
1557,LBBK6074O
1558,LBBK6082O
1559,LBBK6100O
1560,LBBK6103O
1561,LBBK6105I
1562,LBBK6109O
1563,LBBK6110
1564,LBBK6111I
1565,LBBK6115O
1566,LBBK6125O
1567,LBBK6130O
1568,LBBK6133
1569,LBBK6135
1570,LBBK6139I
1571,LBBK6140
1572,LBBK6143I
1573,LBBK6150O
1574,LBBK6201O
1575,LBBK6203O
1576,LBBK6205I
1577,LBBK6207O
1578,LBBK6209O
1579,LBBK6211O
1580,LBBK6215I
1581,LBBK6217O
1582,LBBK6221O
1583,LBBK6223O
1584,LBBK6227O
1585,LBBK6235O
1586,LBBK6241O
1587,LBBK6245O
1588,LBBK6247O
1589,LBBK6249O
1590,LBBK6253O
1591,LBBK6255O
1592,LBBK6257O
1593,LBBK6259O
1594,LBBK6263O
1595,LBBK6265I
1596,LBBK6267I
1597,LBBK6269O
1598,LBBK6271O
1599,LBBK6273O
1600,LBBK6275O
1601,LBBK6277O
1602,LBBK6281O
1603,LBBK6283O
1604,LBBK6287O
1605,LBBK6293O
1606,LBBK6294O
1607,LBBK6295O
1608,LBBK6297O
1609,LBBK6299O
1610,LBBK6385
1611,LBBK7020T
1612,LCOW2705
1613,LGNJ0011O
1614,LGNJ0031O
1615,LGNJ0099O
1616,LGNJ0155O
1617,LGNJ0185O
1618,LGNJ0219O
1619,LGNJ0228O
1620,LGNJ0231O
1621,LGNJ0267O
1622,LGNJ0275O
1623,LGNJ0291O
1624,LGNJ0296I
1625,LGNJ0309O
1626,LGNJ0351O
1627,LGNJ0353O
1628,LGNJ0369O
1629,LGNJ0444O
1630,LGNJ0507O
1631,LGNJ0509O
1632,LGNJ0517O
1633,LGNJ0521O
1634,LGNJ0555O
1635,LGNJ0567O
1636,LGNJ0587O
1637,LGNJ0657O
1638,LGNJ0667O
1639,LGNJ0693O
1640,LGNJ0699O
1641,LGNJ0725O
1642,LGNJ0737O
1643,LGNJ0739O
1644,LGNJ0755O
1645,LGNJ0788O
1646,LGNJ0797O
1647,LGNJ0871O
1648,LGNJ0875O
1649,LGNJ0893O
1650,LGNJ0927O
1651,LGNJ0942O
1652,LGNJ0962O
1653,LGNJ0992O
1654,LGNJ1101O
1655,LGNJ1109O
1656,LGNJ1111O
1657,LGNJ1113O
1658,LGNJ1117O
1659,LGNJ1123O
1660,LGNJ1125O
1661,LGNJ1135O
1662,LGNJ1137O
1663,LGNJ1141O
1664,LGNJ1153O
1665,LGNJ1155O
1666,LGNJ1157O
1667,LGNJ1159O
1668,LGNJ1163O
1669,LGNJ1165O
1670,LGNJ1167O
1671,LGNJ1171O
1672,LGNJ1173O
1673,LGNJ1181O
1674,LGNJ1189O
1675,LGNJ1193O
1676,LGNJ1199O
1677,LGNJ1205O
1678,LGNJ1207O
1679,LGNJ1209O
1680,LGNJ1213O
1681,LGNJ1214O
1682,LGNJ1215O
1683,LGNJ1219O
1684,LGNJ1223O
1685,LGNJ1251O
1686,LGNJ1252O
1687,LGNJ1263O
1688,LGNJ1267O
1689,LGNJ1269O
1690,LGNJ1273O
1691,LGNJ1293O
1692,LGNJ1295O
1693,LGNJ1297O
1694,LGNJ1307O
1695,LGNJ1309O
1696,LGNJ1311O
1697,LGNJ1327O
1698,LGNJ1339O
1699,LGNJ1341O
1700,LGNJ1354O
1701,LGNJ1355O
1702,LGNJ1357O
1703,LGNJ1373O
1704,LGNJ1381O
1705,LGNJ1382O
1706,LGNJ1383O
1707,LGNJ1399O
1708,LGNJ1407O
1709,LGNJ1411O
1710,LGNJ1415O
1711,LGNJ1419O
1712,LGNJ1423O
1713,LGNJ1425O
1714,LGNJ1427O
1715,LGNJ1429O
1716,LGNJ1431O
1717,LGNJ1441O
1718,LGNJ1443O
1719,LGNJ1445O
1720,LGNJ1447O
1721,LGNJ1449O
1722,LGNJ1451O
1723,LGNJ1455O
1724,LGNJ1457O
1725,LGNJ1459O
1726,LGNJ1461O
1727,LGNJ1465O
1728,LGNJ1467O
1729,LGNJ1469O
1730,LGNJ1475O
1731,LGNJ1477O
1732,LGNJ1479O
1733,LGNJ1481O
1734,LGNJ1483O
1735,LGNJ1485O
1736,LGNJ1487O
1737,LGNJ1489O
1738,LGNJ1491O
1739,LGNJ1495O
1740,LGNJ1497O
1741,LGNJ1499O
1742,LGNJ1501O
1743,LGNJ1503O
1744,LGNJ1505O
1745,LGNJ1507O
1746,LGNJ1511O
1747,LGNJ1513O
1748,LGNJ1515O
1749,LGNJ1517O
1750,LGNJ1519O
1751,LGNJ1521O
1752,LGNJ1523O
1753,LGNJ1525O
1754,LGNJ1527O
1755,LGNJ1545O
1756,LGNJ1573O
1757,LGNJ1581O
1758,LGNJ1587O
1759,LGNJ1595O
1760,LGNJ1603O
1761,LGNJ1605O
1762,LGNJ1607O
1763,LGNJ1611O
1764,LGNJ1629O
1765,LGNJ1635O
1766,LGNJ1641O
1767,LGNJ1643O
1768,LGNJ1651O
1769,LGNJ1655O
1770,LGNJ1657O
1771,LGNJ1667O
1772,LGNJ1671O
1773,LGNJ1673O
1774,LGNJ1677O
1775,LGNJ1709O
1776,LGNJ1715O
1777,LGNJ1717O
1778,LGNJ1721O
1779,LGNJ1729O
1780,LGNJ1733O
1781,LGNJ1737O
1782,LGNJ1739O
1783,LGNJ1741O
1784,LGNJ1743O
1785,LGNJ1747O
1786,LGNJ1749O
1787,LGNJ1753O
1788,LGNJ1755O
1789,LGNJ1767O
1790,LGNJ1769O
1791,LGNJ1771O
1792,LGNJ1773O
1793,LGNJ1775O
1794,LGNJ1781O
1795,LGNJ1783O
1796,LGNJ1795O
1797,LGNJ1797O
1798,LGNJ1813O
1799,LGNJ1831O
1800,LGNJ1835O
1801,LGNJ1841O
1802,LGNJ1843O
1803,LGNJ1851O
1804,LGNJ1852O
1805,LGNJ1855O
1806,LGNJ1859O
1807,LGNJ1861O
1808,LGNJ1863O
1809,LGNJ1867O
1810,LGNJ1872O
1811,LGNJ1875O
1812,LGNJ1879O
1813,LGNJ1881O
1814,LGNJ1883O
1815,LGNJ1885O
1816,LGNJ1889O
1817,LGNJ1907O
1818,LGNJ1911O
1819,LGNJ1913O
1820,LGNJ1915O
1821,LGNJ1919O
1822,LGNJ1921O
1823,LGNJ1923O
1824,LGNJ1925O
1825,LGNJ1927O
1826,LGNJ1929O
1827,LGNJ1933O
1828,LGNJ1937O
1829,LGNJ1941O
1830,LGNJ1943O
1831,LGNJ1945O
1832,LGNJ1949O
1833,LGNJ1955O
1834,LGNJ1957O
1835,LGNJ1959O
1836,LGNJ1961O
1837,LGNJ1963O
1838,LGNJ1965O
1839,LGNJ1967O
1840,LGNJ1969O
1841,LGNJ1971O
1842,LGNJ1973O
1843,LGNJ1975O
1844,LGNJ1977O
1845,LGNJ1979O
1846,LGNJ1981O
1847,LGNJ1983O
1848,LGNJ1985O
1849,LGNJ1987O
1850,LGNJ1989I
1851,LGNJ1991O
1852,LGNJ1993O
1853,LGNJ1995O
1854,LGNJ1997O
1855,LGNJ2103O
1856,LGNJ2116O
1857,LGNJ2143O
1858,LGNJ2151O
1859,LGNJ2434O
1860,LGNJ2492O
1861,LGNJ2798O
1862,LGNJ2891O
1863,LGNJ2893O
1864,LGNJ2895O
1865,LGNJ2897O
1866,LGNJ2899O
1867,LGNJ3011O
1868,LGNJ3035O
1869,LGNJ3053O
1870,LGNJ3055O
1871,LGNJ3064O
1872,LGNJ3301O
1873,LGNJ3303O
1874,LGNJ3307O
1875,LGNJ3309O
1876,LGNJ3311O
1877,LGNJ3319O
1878,LGNJ3329O
1879,LGNJ3331O
1880,LGNJ3333O
1881,LGNJ3335O
1882,LGNJ3337O
1883,LGNJ3341O
1884,LGNJ3349O
1885,LGNJ3351O
1886,LGNJ3359O
1887,LGNJ3437O
1888,LGNJ3444O
1889,LGNJ3543O
1890,LGNJ3545O
1891,LGNJ3547O
1892,LGNJ3549O
1893,LGNJ3624O
1894,LGNJ3688O
1895,LGNJ3690I
1896,LGNJ3701O
1897,LGNJ3725O
1898,LGNJ3727O
1899,LGNJ3729O
1900,LGNJ3809O
1901,LGNJ3811O
1902,LGNJ3813O
1903,LGNJ3815O
1904,LGNJ3817O
1905,LGNJ3819O
1906,LGNJ4156O
1907,LGNJ4296O
1908,LGNJ4363O
1909,LGNJ4365O
1910,LGNJ4367O
1911,LGNJ4458O
1912,LGNJ4980O
1913,LGNJ5109O
1914,LGNJ5113O
1915,LGNJ5114O
1916,LGNJ5115O
1917,LGNJ5117O
1918,LGNJ5241O
1919,LGNJ5243O
1920,LGNJ5261O
1921,LGNJ5269O
1922,LGNJ5377O
1923,LGNJ5392O
1924,LGNJ5538O
1925,LGNJ5661O
1926,LGNJ5753O
1927,LGNJ5757O
1928,LGNJ5759O
1929,LGNJ5909O
1930,LGNJ5930O
1931,LGNJ5979O
1932,LGNJ6020O
1933,LGNJ6037O
1934,LGNJ6053O
1935,LGNJ6055O
1936,LGNJ6057O
1937,LGNJ6059O
1938,LGNJ6061O
1939,LGNJ6075O
1940,LGNJ6081O
1941,LGNJ6083O
1942,LGNJ6085O
1943,LGNJ6087O
1944,LGNJ6089O
1945,LGNJ6091O
1946,LGNJ6093O
1947,LGNJ6095O
1948,LGNJ6097O
1949,LGNJ6099O
1950,LGNJ6131O
1951,LGNJ6153O
1952,LGNJ6157O
1953,LGNJ6161O
1954,LGNJ6169O
1955,LGNJ6171O
1956,LGNJ6177O
1957,LGNJ6183O
1958,LGNJ6185O
1959,LGNJ6191O
1960,LGNJ6195O
1961,LGNJ6199O
1962,LLNK0045O
1963,LLNK0049O
1964,LLNK0051O
1965,LLNK0055O
1966,LLNK0059O
1967,LLNK0061O
1968,LLNK0084O
1969,LLNK0096O
1970,LLNK0143O
1971,LLNK0189O
1972,LLNK0227O
1973,LLNK0268O
1974,LLNK0389O
1975,LLNK0423O
1976,LLNK0445O
1977,LLNK0504O
1978,LLNK0511O
1979,LLNK0512O
1980,LLNK0513O
1981,LLNK0523O
1982,LLNK0541O
1983,LLNK0569O
1984,LLNK0649O
1985,LLNK0663O
1986,LLNK0675O
1987,LLNK0785O
1988,LLNK0831O
1989,LLNK1225O
1990,LLNK1574O
1991,LLNK1576I
1992,LLNK1888O
1993,LLNK2281O
1994,LLNK2867O
1995,LLNK2881O
1996,LLNK3036O
1997,LLNK3137O
1998,LLNK3145O
1999,LLNK3151O
2000,LLNK3153O
2001,LLNK3155O
2002,LLNK3159O
2003,LLNK3165O
2004,LLNK3181O
2005,LLNK3183O
2006,LLNK3187O
2007,LLNK3189O
2008,LLNK3193O
2009,LLNK3195O
2010,LLNK3203O
2011,LLNK3253O
2012,LLNK3255O
2013,LLNK3283O
2014,LLNK3285O
2015,LLNK3289O
2016,LLNK3291O
2017,LLNK3477O
2018,LLNK3499O
2019,LLNK3557O
2020,LLNK3559O
2021,LLNK3563O
2022,LLNK3565O
2023,LLNK3567O
2024,LLNK3569O
2025,LLNK3611O
2026,LLNK3616O
2027,LLNK3633O
2028,LLNK3661O
2029,LLNK3671O
2030,LLNK3697O
2031,LLNK3728O
2032,LLNK3925O
2033,LLNK3975O
2034,LLNK3985O
2035,LLNK4303O
2036,LLNK4311O
2037,LLNK4313O
2038,LLNK4315O
2039,LLNK4319O
2040,LLNK4321O
2041,LLNK4327O
2042,LLNK4329O
2043,LLNK4331O
2044,LLNK4335O
2045,LLNK4339O
2046,LLNK4341O
2047,LLNK4343O
2048,LLNK4345O
2049,LLNK4347O
2050,LLNK4349O
2051,LLNK4353O
2052,LLNK4354O
2053,LLNK4356O
2054,LLNK4361O
2055,LLNK4383O
2056,LLNK4401O
2057,LLNK4403O
2058,LLNK4405O
2059,LLNK4409O
2060,LLNK4411O
2061,LLNK4413O
2062,LLNK4415O
2063,LLNK4423O
2064,LLNK4425O
2065,LLNK4427O
2066,LLNK4431O
2067,LLNK4433O
2068,LLNK4437O
2069,LLNK4439O
2070,LLNK4441O
2071,LLNK4443O
2072,LLNK4445O
2073,LLNK4447O
2074,LLNK4449O
2075,LLNK4451O
2076,LLNK4457O
2077,LLNK4459O
2078,LLNK4461O
2079,LLNK4463O
2080,LLNK4473O
2081,LLNK4477O
2082,LLNK4478O
2083,LLNK4481O
2084,LLNK4483O
2085,LLNK4487O
2086,LLNK4489O
2087,LLNK4491O
2088,LLNK4493O
2089,LLNK4497O
2090,LLNK4499O
2091,LLNK4501O
2092,LLNK4505O
2093,LLNK4507O
2094,LLNK4509O
2095,LLNK4511O
2096,LLNK4513O
2097,LLNK4521O
2098,LLNK4523O
2099,LLNK4525O
2100,LLNK4529O
2101,LLNK4530O
2102,LLNK4531O
2103,LLNK4545O
2104,LLNK4551O
2105,LLNK4571O
2106,LLNK4575O
2107,LLNK4577O
2108,LLNK4599O
2109,LLNK5152O
2110,LLNK5161O
2111,LLNK5397O
2112,LLNK5608O
2113,LLNK6015O
2114,LLNK6017O
2115,LLNK6019O
2116,LLNK6045O
2117,LLNK6101O
2118,LLNK6113O
2119,LLNK6117O
2120,LMBS0485O
2121,LMBS2569O
2122,LMBS4333O
2123,LMBS4380O
2124,LMBS5155
2125,LMBS5375O
2126,LMBS5533O
2127,LQRB0366O
2128,LQRB1834O
2129,LQRB2304O
2130,LQRB2364O
2131,LQRB2376O
2132,LQRB2428O
2133,LQRB2432O
2134,LQRB2436O
2135,LQRB2438O
2136,LQRB2456O
2137,LQRB2460O
2138,LQRB2464O
2139,LQRB2472O
2140,LQRB2484O
2141,LQRB2486O
2142,LQRB2488O
2143,LQRB2494O
2144,LQRB2598O
2145,LQRB2934O
2146,LQRB2940O
2147,LQRB2964O
2148,LQRB3042O
2149,LQRB3132O
2150,LQRB3140O
2151,LQRB3396O
2152,LQRB3962O
2153,LQRB4202O
2154,LQRB4204O
2155,LQRB4825O
2156,LQRB6219O
2157,LQUB0007O
2158,LQUB0125O
2159,LQUB0173O
2160,LQUB0175O
2161,LQUB0179O
2162,LQUB0213O
2163,LQUB0261O
2164,LQUB0295O
2165,LQUB0299O
2166,LQUB0319O
2167,LQUB0409O
2168,LQUB0497O
2169,LQUB0537O
2170,LQUB0579O
2171,LQUB0598O
2172,LQUB0683O
2173,LQUB0691O
2174,LQUB0727O
2175,LQUB0731O
2176,LQUB0748O
2177,LQUB0757O
2178,LQUB0835O
2179,LQUB0847O
2180,LQUB0849O
2181,LQUB0861O
2182,LQUB0907O
2183,LQUB0909O
2184,LQUB0957O
2185,LQUB0958O
2186,LQUB1119O
2187,LQUB1131O
2188,LQUB1134O
2189,LQUB1142O
2190,LQUB1313O
2191,LQUB1329O
2192,LQUB1338O
2193,LQUB1401O
2194,LQUB1417O
2195,LQUB1707O
2196,LQUB1731O
2197,LQUB1745O
2198,LQUB1801O
2199,LQUB1803O
2200,LQUB1805O
2201,LQUB1809O
2202,LQUB1811O
2203,LQUB1819O
2204,LQUB1823O
2205,LQUB1839O
2206,LQUB1847O
2207,LQUB1857O
2208,LQUB1871O
2209,LQUB1873O
2210,LQUB1882O
2211,LQUB2001O
2212,LQUB2017O
2213,LQUB2031O
2214,LQUB2075O
2215,LQUB2076O
2216,LQUB2237I
2217,LQUB2241I
2218,LQUB2287O
2219,LQUB2289O
2220,LQUB2405O
2221,LQUB2603O
2222,LQUB2607O
2223,LQUB2609O
2224,LQUB2615O
2225,LQUB2617O
2226,LQUB2619O
2227,LQUB2621O
2228,LQUB2623O
2229,LQUB2625O
2230,LQUB2627O
2231,LQUB2629O
2232,LQUB2631O
2233,LQUB2633O
2234,LQUB2637O
2235,LQUB2641O
2236,LQUB2643O
2237,LQUB2645O
2238,LQUB2647O
2239,LQUB2649O
2240,LQUB2651O
2241,LQUB2655O
2242,LQUB2659O
2243,LQUB2661O
2244,LQUB2667O
2245,LQUB2669O
2246,LQUB2671O
2247,LQUB2673O
2248,LQUB2675O
2249,LQUB2677O
2250,LQUB2679O
2251,LQUB2681O
2252,LQUB2683O
2253,LQUB2685O
2254,LQUB2687O
2255,LQUB2689O
2256,LQUB2691O
2257,LQUB2693O
2258,LQUB2695O
2259,LQUB2699O
2260,LQUB2709O
2261,LQUB2711O
2262,LQUB2713O
2263,LQUB2717O
2264,LQUB2719O
2265,LQUB2721O
2266,LQUB2723O
2267,LQUB2725O
2268,LQUB2727O
2269,LQUB2729O
2270,LQUB2733O
2271,LQUB2737O
2272,LQUB2739O
2273,LQUB2741O
2274,LQUB2743O
2275,LQUB2745O
2276,LQUB2749O
2277,LQUB2751O
2278,LQUB2755O
2279,LQUB2759O
2280,LQUB2761O
2281,LQUB2763O
2282,LQUB2765O
2283,LQUB2767O
2284,LQUB2771O
2285,LQUB2773O
2286,LQUB2775O
2287,LQUB2777O
2288,LQUB2779O
2289,LQUB2785O
2290,LQUB2791O
2291,LQUB2793O
2292,LQUB2799O
2293,LQUB2851O
2294,LQUB2853O
2295,LQUB2855O
2296,LQUB2856O
2297,LQUB2859O
2298,LQUB2862O
2299,LQUB2865O
2300,LQUB2866O
2301,LQUB2869O
2302,LQUB2873O
2303,LQUB2875O
2304,LQUB2877O
2305,LQUB2883O
2306,LQUB2885O
2307,LQUB3040O
2308,LQUB3120O
2309,LQUB3216O
2310,LQUB3233I
2311,LQUB3317O
2312,LQUB3325O
2313,LQUB3461O
2314,LQUB3485O
2315,LQUB3497O
2316,LQUB3515O
2317,LQUB3530O
2318,LQUB3605O
2319,LQUB3609O
2320,LQUB3617O
2321,LQUB3619O
2322,LQUB3621O
2323,LQUB3896O
2324,LQUB4248O
2325,LQUB4301O
2326,LQUB4305O
2327,LQUB4307O
2328,LQUB4359O
2329,LQUB4428O
2330,LQUB4471O
2331,LQUB4475O
2332,LQUB4479O
2333,LQUB4485O
2334,LQUB4514O
2335,LQUB4519O
2336,LQUB4547O
2337,LQUB5012O
2338,LQUB5112O
2339,LQUB5116O
2340,LQUB5141O
2341,LQUB5147O
2342,LQUB5149O
2343,LQUB5191O
2344,LQUB5247O
2345,LQUB5279I
2346,LQUB5363O
2347,LQUB5613O
2348,LQUB5647I
2349,LQUB5649O
2350,LQUB5703O
2351,LQUB5705O
2352,LQUB5907O
2353,LQUB5913O
2354,LQUB5947O
2355,LQUB5989O
2356,LQUB6011O
2357,LQUB6013O
2358,LQUB6014O
2359,LQUB6018O
2360,LSHK0015O
2361,LSHK0035O
2362,LSHK0043O
2363,LSHK0053O
2364,LSHK0057O
2365,LSHK0063O
2366,LSHK0085O
2367,LSHK0095O
2368,LSHK0105O
2369,LSHK0109O
2370,LSHK0115O
2371,LSHK0145O
2372,LSHK0161O
2373,LSHK0163O
2374,LSHK0171O
2375,LSHK0195O
2376,LSHK0273O
2377,LSHK0387O
2378,LSHK0519O
2379,LSHK0648O
2380,LSHK0679O
2381,LSHK0821O
2382,LSHK0826O
2383,LSHK1229O
2384,LSHK1235O
2385,LSHK1237O
2386,LSHK1439O
2387,LSHK1464O
2388,LSHK1639O
2389,LSHK1825O
2390,LSHK2003O
2391,LSHK2005O
2392,LSHK2009O
2393,LSHK2019O
2394,LSHK2027O
2395,LSHK2041O
2396,LSHK2045O
2397,LSHK2053O
2398,LSHK2057O
2399,LSHK2063O
2400,LSHK2069O
2401,LSHK2077O
2402,LSHK2079O
2403,LSHK2081O
2404,LSHK2085O
2405,LSHK2087O
2406,LSHK2091O
2407,LSHK2097O
2408,LSHK2105O
2409,LSHK2111O
2410,LSHK2115O
2411,LSHK2121O
2412,LSHK2159O
2413,LSHK2163O
2414,LSHK2167O
2415,LSHK2173O
2416,LSHK2175O
2417,LSHK2177O
2418,LSHK2179O
2419,LSHK2181O
2420,LSHK2185O
2421,LSHK2187O
2422,LSHK2189O
2423,LSHK2211O
2424,LSHK2231O
2425,LSHK2243O
2426,LSHK2247O
2427,LSHK2253O
2428,LSHK2255O
2429,LSHK2257O
2430,LSHK2259O
2431,LSHK2261O
2432,LSHK2263O
2433,LSHK2265O
2434,LSHK2267O
2435,LSHK2277O
2436,LSHK2279O
2437,LSHK2283O
2438,LSHK2293O
2439,LSHK2299O
2440,LSHK2401O
2441,LSHK2407O
2442,LSHK2409O
2443,LSHK2411O
2444,LSHK2415O
2445,LSHK2417O
2446,LSHK2805O
2447,LSHK2807O
2448,LSHK2809O
2449,LSHK2811O
2450,LSHK2817O
2451,LSHK2819O
2452,LSHK2821O
2453,LSHK2823O
2454,LSHK2827O
2455,LSHK2831O
2456,LSHK2835O
2457,LSHK2837O
2458,LSHK2839O
2459,LSHK2841O
2460,LSHK2843O
2461,LSHK2845O
2462,LSHK2847O
2463,LSHK3229O
2464,LSHK3355O
2465,LSHK3361O
2466,LSHK3367O
2467,LSHK3369O
2468,LSHK3371O
2469,LSHK3373O
2470,LSHK3375O
2471,LSHK3381O
2472,LSHK3573O
2473,LSHK3575O
2474,LSHK3629O
2475,LSHK3901I
2476,LSHK4838O
2477,LSHK5105O
2478,LSVN0083O
2479,LSVN0170O
2480,LSVN0304O
2481,LSVN0371O
2482,LSVN0659O
2483,LSVN0903O
2484,LSVN1122O
2485,LSVN1158O
2486,LSVN1160O
2487,LSVN1164O
2488,LSVN1168O
2489,LSVN1170O
2490,LSVN1172O
2491,LSVN1200O
2492,LSVN1230O
2493,LSVN1234O
2494,LSVN1245O
2495,LSVN1257O
2496,LSVN1265O
2497,LSVN1274O
2498,LSVN1290O
2499,LSVN1292O
2500,LSVN1301O
2501,LSVN1305O
2502,LSVN1321O
2503,LSVN1322O
2504,LSVN1331O
2505,LSVN1333O
2506,LSVN1335O
2507,LSVN1337O
2508,LSVN1344O
2509,LSVN1345O
2510,LSVN1347O
2511,LSVN1349O
2512,LSVN1351O
2513,LSVN1359O
2514,LSVN1361O
2515,LSVN1363O
2516,LSVN1365O
2517,LSVN1367O
2518,LSVN1368O
2519,LSVN1369O
2520,LSVN1370O
2521,LSVN1371O
2522,LSVN1372O
2523,LSVN1375O
2524,LSVN1377O
2525,LSVN1378O
2526,LSVN1379O
2527,LSVN1385O
2528,LSVN1386O
2529,LSVN1387O
2530,LSVN1391O
2531,LSVN1393O
2532,LSVN1397O
2533,LSVN1398O
2534,LSVN1404O
2535,LSVN1416O
2536,LSVN1421O
2537,LSVN1426O
2538,LSVN1432O
2539,LSVN1436O
2540,LSVN1438O
2541,LSVN1442O
2542,LSVN1444O
2543,LSVN1446O
2544,LSVN1448O
2545,LSVN1452O
2546,LSVN1456I
2547,LSVN1460O
2548,LSVN1470O
2549,LSVN1486O
2550,LSVN1488O
2551,LSVN1494O
2552,LSVN1496O
2553,LSVN1498O
2554,LSVN1500O
2555,LSVN1502O
2556,LSVN1506O
2557,LSVN1508O
2558,LSVN1512O
2559,LSVN1514O
2560,LSVN1516O
2561,LSVN1518O
2562,LSVN1520O
2563,LSVN1526I
2564,LSVN1529O
2565,LSVN1532O
2566,LSVN1533O
2567,LSVN1540O
2568,LSVN1542O
2569,LSVN1544I
2570,LSVN1549O
2571,LSVN1559O
2572,LSVN1561O
2573,LSVN1563O
2574,LSVN1565O
2575,LSVN1567O
2576,LSVN1569O
2577,LSVN1571O
2578,LSVN1577O
2579,LSVN1584O
2580,LSVN1586O
2581,LSVN1592O
2582,LSVN1594O
2583,LSVN1601O
2584,LSVN1604O
2585,LSVN1614O
2586,LSVN1615O
2587,LSVN1618O
2588,LSVN1623O
2589,LSVN1628O
2590,LSVN1642O
2591,LSVN1646O
2592,LSVN1650O
2593,LSVN1654O
2594,LSVN1662O
2595,LSVN1670O
2596,LSVN1674O
2597,LSVN1676O
2598,LSVN1678O
2599,LSVN1684O
2600,LSVN1686O
2601,LSVN1691O
2602,LSVN1693O
2603,LSVN1695O
2604,LSVN1699O
2605,LSVN1701O
2606,LSVN1703O
2607,LSVN1711O
2608,LSVN1713O
2609,LSVN1718O
2610,LSVN1723O
2611,LSVN1725O
2612,LSVN1727O
2613,LSVN1760O
2614,LSVN1768O
2615,LSVN1770O
2616,LSVN1772O
2617,LSVN1776O
2618,LSVN1804O
2619,LSVN1826O
2620,LSVN1836O
2621,LSVN1844O
2622,LSVN1886O
2623,LSVN1910O
2624,LSVN1914O
2625,LSVN1918O
2626,LSVN1920O
2627,LSVN1924O
2628,LSVN1938O
2629,LSVN1942O
2630,LSVN1944O
2631,LSVN1954O
2632,LSVN1958O
2633,LSVN1964O
2634,LSVN1966O
2635,LSVN1968O
2636,LSVN1972O
2637,LSVN1976O
2638,LSVN1980O
2639,LSVN1984O
2640,LSVN1988O
2641,LSVN1994O
2642,LSVN2000O
2643,LSVN2007O
2644,LSVN2013O
2645,LSVN2023O
2646,LSVN2025O
2647,LSVN2032O
2648,LSVN2034O
2649,LSVN2038O
2650,LSVN2039O
2651,LSVN2042O
2652,LSVN2043O
2653,LSVN2044O
2654,LSVN2046O
2655,LSVN2047O
2656,LSVN2049O
2657,LSVN2054O
2658,LSVN2059O
2659,LSVN2061O
2660,LSVN2064O
2661,LSVN2065O
2662,LSVN2067O
2663,LSVN2070O
2664,LSVN2072O
2665,LSVN2074O
2666,LSVN2088O
2667,LSVN2101O
2668,LSVN2106O
2669,LSVN2107O
2670,LSVN2109O
2671,LSVN2125O
2672,LSVN2129O
2673,LSVN2154O
2674,LSVN2160O
2675,LSVN2162O
2676,LSVN2164O
2677,LSVN2166O
2678,LSVN2168O
2679,LSVN2169O
2680,LSVN2172
2681,LSVN2180O
2682,LSVN2182
2683,LSVN2184
2684,LSVN2186O
2685,LSVN2188
2686,LSVN2190
2687,LSVN2195O
2688,LSVN2203O
2689,LSVN2205O
2690,LSVN2206
2691,LSVN2212
2692,LSVN2213O
2693,LSVN2215O
2694,LSVN2217O
2695,LSVN2221
2696,LSVN2227O
2697,LSVN2233I
2698,LSVN2245O
2699,LSVN2249O
2700,LSVN2250O
2701,LSVN2251O
2702,LSVN2271O
2703,LSVN2288O
2704,LSVN2414O
2705,LSVN2608O
2706,LSVN2628O
2707,LSVN2630O
2708,LSVN2632O
2709,LSVN2640O
2710,LSVN2642O
2711,LSVN2648O
2712,LSVN2652O
2713,LSVN2656O
2714,LSVN2658O
2715,LSVN2668O
2716,LSVN2670O
2717,LSVN2674O
2718,LSVN2676O
2719,LSVN2680O
2720,LSVN2682O
2721,LSVN2684O
2722,LSVN2688O
2723,LSVN2720O
2724,LSVN2722O
2725,LSVN2724O
2726,LSVN2730O
2727,LSVN2740O
2728,LSVN2744O
2729,LSVN2746O
2730,LSVN2748O
2731,LSVN2750O
2732,LSVN2752O
2733,LSVN2756O
2734,LSVN2760O
2735,LSVN2764O
2736,LSVN2766O
2737,LSVN2768O
2738,LSVN2770O
2739,LSVN2788O
2740,LSVN2804O
2741,LSVN2888O
2742,LSVN2976O
2743,LSVN3001O
2744,LSVN3005O
2745,LSVN3009O
2746,LSVN3013O
2747,LSVN3060O
2748,LSVN3262
2749,LSVN3310O
2750,LSVN3312O
2751,LSVN3314O
2752,LSVN3315O
2753,LSVN3316O
2754,LSVN3320O
2755,LSVN3322O
2756,LSVN3327O
2757,LSVN3330O
2758,LSVN3336O
2759,LSVN3342O
2760,LSVN3348O
2761,LSVN3352O
2762,LSVN3358O
2763,LSVN3401O
2764,LSVN3403O
2765,LSVN3405O
2766,LSVN3407O
2767,LSVN3411O
2768,LSVN3413O
2769,LSVN3415O
2770,LSVN3417O
2771,LSVN3419O
2772,LSVN3423O
2773,LSVN3425O
2774,LSVN3427O
2775,LSVN3429O
2776,LSVN3431O
2777,LSVN3433O
2778,LSVN3435O
2779,LSVN3443O
2780,LSVN3445O
2781,LSVN3448O
2782,LSVN3449O
2783,LSVN3451O
2784,LSVN3455O
2785,LSVN3459O
2786,LSVN3465O
2787,LSVN3467O
2788,LSVN3469O
2789,LSVN3471O
2790,LSVN3473O
2791,LSVN3475O
2792,LSVN3478O
2793,LSVN3481O
2794,LSVN3483O
2795,LSVN3489O
2796,LSVN3491O
2797,LSVN3495O
2798,LSVN3501O
2799,LSVN3503O
2800,LSVN3505O
2801,LSVN3509O
2802,LSVN3511O
2803,LSVN3513O
2804,LSVN3517O
2805,LSVN3525O
2806,LSVN3527O
2807,LSVN3529O
2808,LSVN3531O
2809,LSVN3533O
2810,LSVN3535O
2811,LSVN3537O
2812,LSVN3539O
2813,LSVN3601O
2814,LSVN3603O
2815,LSVN3613O
2816,LSVN3615O
2817,LSVN3623O
2818,LSVN3625O
2819,LSVN3631O
2820,LSVN3637O
2821,LSVN3640O
2822,LSVN3641O
2823,LSVN3643O
2824,LSVN3645O
2825,LSVN3647O
2826,LSVN3651O
2827,LSVN3653O
2828,LSVN3654O
2829,LSVN3657O
2830,LSVN3660O
2831,LSVN3665O
2832,LSVN3669O
2833,LSVN3672O
2834,LSVN3673O
2835,LSVN3675O
2836,LSVN3676O
2837,LSVN3677O
2838,LSVN3680O
2839,LSVN3681O
2840,LSVN3683O
2841,LSVN3685O
2842,LSVN3686O
2843,LSVN3693O
2844,LSVN3695O
2845,LSVN3699O
2846,LSVN3705O
2847,LSVN3711O
2848,LSVN3713O
2849,LSVN3714O
2850,LSVN3801O
2851,LSVN3803O
2852,LSVN4140O
2853,LSVN4302O
2854,LSVN4312O
2855,LSVN4314O
2856,LSVN4316
2857,LSVN4322
2858,LSVN4330O
2859,LSVN4332
2860,LSVN4336
2861,LSVN4340O
2862,LSVN4342O
2863,LSVN4404O
2864,LSVN4407O
2865,LSVN4408O
2866,LSVN4414O
2867,LSVN4422O
2868,LSVN4424O
2869,LSVN5165O
2870,LSVN5168O
2871,LSVN5259
2872,LSVN5349
2873,LSVN5381
2874,LSVN5508O
2875,LSVN5587
2876,LSVN5620O
2877,LSVN5630O
2878,LSVN5632O
2879,LSVN5711
2880,LSVN5803
2881,LSVN5914O
2882,LSVN5915O
2883,LSVN5945O
2884,LSVN5951
2885,LSVN6138O
2886,LSVN6154O
2887,LSVN6158O
2888,LSVN6160O
2889,LSVN6162O
2890,LSVN6164O
2891,LSVN6166O
2892,LSVN6168O
2893,LSVN6170O
2894,LSVN6174O
2895,LSVN6176O
2896,LSVN6182O
2897,LSVN6186O
2898,LSVN6188O
2899,LSVN6192O
2900,LSVN6194O
2901,LSVN6196O
2902,LSVN6198O
2903,LTSH0001I
2904,TEST1
