Date,Site,gpname_id,ddd
02.13.2023 00:00:00,10.34.169.65@CSN3_CMG-CP,GN,31407
02.13.2023 00:00:00,10.34.169.65@CSN3_CMG-CP,MSM,
02.13.2023 00:00:00,10.34.169.65@CSN3_CMG-CP,CPM,
02.13.2023 00:00:00,10.34.169.65@CSN3_CMG-CP,CP-ISA,
02.13.2023 00:00:00,10.34.170.1@CSN3_CMG-UP,MSM,
02.13.2023 00:00:00,10.34.170.1@CSN3_CMG-UP,CPM,
02.13.2023 00:00:00,10.34.170.1@CSN3_CMG-UP,CP-ISA,
02.13.2023 00:00:00,10.64.169.65@BTC_CMG-CP,CPM,
02.13.2023 00:00:00,10.64.169.65@BTC_CMG-CP,GN,51917
02.13.2023 00:00:00,10.64.169.65@BTC_CMG-CP,CP-ISA,
02.13.2023 00:00:00,10.64.169.65@BTC_CMG-CP,MSM,
02.13.2023 00:00:00,10.64.170.1@BTC_CMG-UP,CPM,
02.13.2023 00:00:00,10.64.170.1@BTC_CMG-UP,MSM,
02.13.2023 00:00:00,10.64.170.1@BTC_CMG-UP,CP-ISA,
02.13.2023 01:00:00,10.34.169.65@CSN3_CMG-CP,GN,24498
02.13.2023 01:00:00,10.34.169.65@CSN3_CMG-CP,MSM,
02.13.2023 01:00:00,10.34.169.65@CSN3_CMG-CP,CPM,
02.13.2023 01:00:00,10.34.169.65@CSN3_CMG-CP,CP-ISA,
02.13.2023 01:00:00,10.34.170.1@CSN3_CMG-UP,MSM,
02.13.2023 01:00:00,10.34.170.1@CSN3_CMG-UP,CPM,
02.13.2023 01:00:00,10.34.170.1@CSN3_CMG-UP,CP-ISA,
02.13.2023 01:00:00,10.64.169.65@BTC_CMG-CP,CPM,
02.13.2023 01:00:00,10.64.169.65@BTC_CMG-CP,GN,38864
02.13.2023 01:00:00,10.64.169.65@BTC_CMG-CP,CP-ISA,
02.13.2023 01:00:00,10.64.169.65@BTC_CMG-CP,MSM,
02.13.2023 01:00:00,10.64.170.1@BTC_CMG-UP,CPM,
02.13.2023 01:00:00,10.64.170.1@BTC_CMG-UP,MSM,
02.13.2023 01:00:00,10.64.170.1@BTC_CMG-UP,CP-ISA,
02.13.2023 02:00:00,10.34.169.65@CSN3_CMG-CP,GN,23244
02.13.2023 02:00:00,10.34.169.65@CSN3_CMG-CP,MSM,
02.13.2023 02:00:00,10.34.169.65@CSN3_CMG-CP,CPM,
02.13.2023 02:00:00,10.34.169.65@CSN3_CMG-CP,CP-ISA,
02.13.2023 02:00:00,10.34.170.1@CSN3_CMG-UP,MSM,
02.13.2023 02:00:00,10.34.170.1@CSN3_CMG-UP,CPM,
02.13.2023 02:00:00,10.34.170.1@CSN3_CMG-UP,CP-ISA,
02.13.2023 02:00:00,10.64.169.65@BTC_CMG-CP,CPM,
02.13.2023 02:00:00,10.64.169.65@BTC_CMG-CP,GN,34861
02.13.2023 02:00:00,10.64.169.65@BTC_CMG-CP,CP-ISA,
02.13.2023 02:00:00,10.64.169.65@BTC_CMG-CP,MSM,
02.13.2023 02:00:00,10.64.170.1@BTC_CMG-UP,CPM,
02.13.2023 02:00:00,10.64.170.1@BTC_CMG-UP,MSM,
02.13.2023 02:00:00,10.64.170.1@BTC_CMG-UP,CP-ISA,
02.13.2023 03:00:00,10.34.169.65@CSN3_CMG-CP,GN,23675
02.13.2023 03:00:00,10.34.169.65@CSN3_CMG-CP,MSM,
02.13.2023 03:00:00,10.34.169.65@CSN3_CMG-CP,CPM,
02.13.2023 03:00:00,10.34.169.65@CSN3_CMG-CP,CP-ISA,
02.13.2023 03:00:00,10.34.170.1@CSN3_CMG-UP,MSM,
02.13.2023 03:00:00,10.34.170.1@CSN3_CMG-UP,CPM,
02.13.2023 03:00:00,10.34.170.1@CSN3_CMG-UP,CP-ISA,
02.13.2023 03:00:00,10.64.169.65@BTC_CMG-CP,CPM,
02.13.2023 03:00:00,10.64.169.65@BTC_CMG-CP,GN,33456
02.13.2023 03:00:00,10.64.169.65@BTC_CMG-CP,CP-ISA,
02.13.2023 03:00:00,10.64.169.65@BTC_CMG-CP,MSM,
02.13.2023 03:00:00,10.64.170.1@BTC_CMG-UP,CPM,
02.13.2023 03:00:00,10.64.170.1@BTC_CMG-UP,MSM,
02.13.2023 03:00:00,10.64.170.1@BTC_CMG-UP,CP-ISA,
02.13.2023 04:00:00,10.34.169.65@CSN3_CMG-CP,CP-ISA,
02.13.2023 04:00:00,10.34.169.65@CSN3_CMG-CP,CPM,
02.13.2023 04:00:00,10.34.169.65@CSN3_CMG-CP,GN,22750
02.13.2023 04:00:00,10.34.169.65@CSN3_CMG-CP,MSM,
02.13.2023 04:00:00,10.34.170.1@CSN3_CMG-UP,CP-ISA,
02.13.2023 04:00:00,10.34.170.1@CSN3_CMG-UP,CPM,
02.13.2023 04:00:00,10.34.170.1@CSN3_CMG-UP,MSM,
02.13.2023 04:00:00,10.64.169.65@BTC_CMG-CP,MSM,
02.13.2023 04:00:00,10.64.169.65@BTC_CMG-CP,GN,31126
02.13.2023 04:00:00,10.64.169.65@BTC_CMG-CP,CPM,
02.13.2023 04:00:00,10.64.169.65@BTC_CMG-CP,CP-ISA,
02.13.2023 04:00:00,10.64.170.1@BTC_CMG-UP,CPM,
02.13.2023 04:00:00,10.64.170.1@BTC_CMG-UP,CP-ISA,
02.13.2023 04:00:00,10.64.170.1@BTC_CMG-UP,MSM,
02.13.2023 05:00:00,10.34.169.65@CSN3_CMG-CP,GN,23857
02.13.2023 05:00:00,10.34.169.65@CSN3_CMG-CP,MSM,
02.13.2023 05:00:00,10.34.169.65@CSN3_CMG-CP,CPM,
02.13.2023 05:00:00,10.34.169.65@CSN3_CMG-CP,CP-ISA,
02.13.2023 05:00:00,10.34.170.1@CSN3_CMG-UP,MSM,
02.13.2023 05:00:00,10.34.170.1@CSN3_CMG-UP,CPM,
02.13.2023 05:00:00,10.34.170.1@CSN3_CMG-UP,CP-ISA,
02.13.2023 05:00:00,10.64.169.65@BTC_CMG-CP,CPM,
02.13.2023 05:00:00,10.64.169.65@BTC_CMG-CP,GN,31967
02.13.2023 05:00:00,10.64.169.65@BTC_CMG-CP,CP-ISA,
02.13.2023 05:00:00,10.64.169.65@BTC_CMG-CP,MSM,
02.13.2023 05:00:00,10.64.170.1@BTC_CMG-UP,CPM,
02.13.2023 05:00:00,10.64.170.1@BTC_CMG-UP,MSM,
02.13.2023 05:00:00,10.64.170.1@BTC_CMG-UP,CP-ISA,
02.13.2023 06:00:00,10.34.169.65@CSN3_CMG-CP,GN,27114
02.13.2023 06:00:00,10.34.169.65@CSN3_CMG-CP,MSM,
02.13.2023 06:00:00,10.34.169.65@CSN3_CMG-CP,CPM,
02.13.2023 06:00:00,10.34.169.65@CSN3_CMG-CP,CP-ISA,
02.13.2023 06:00:00,10.34.170.1@CSN3_CMG-UP,MSM,
02.13.2023 06:00:00,10.34.170.1@CSN3_CMG-UP,CPM,
02.13.2023 06:00:00,10.34.170.1@CSN3_CMG-UP,CP-ISA,
02.13.2023 06:00:00,10.64.169.65@BTC_CMG-CP,CPM,
02.13.2023 06:00:00,10.64.169.65@BTC_CMG-CP,GN,38298
02.13.2023 06:00:00,10.64.169.65@BTC_CMG-CP,CP-ISA,
02.13.2023 06:00:00,10.64.169.65@BTC_CMG-CP,MSM,
02.13.2023 06:00:00,10.64.170.1@BTC_CMG-UP,CPM,
02.13.2023 06:00:00,10.64.170.1@BTC_CMG-UP,MSM,
02.13.2023 06:00:00,10.64.170.1@BTC_CMG-UP,CP-ISA,
02.13.2023 07:00:00,10.34.169.65@CSN3_CMG-CP,GN,34385
02.13.2023 07:00:00,10.34.169.65@CSN3_CMG-CP,MSM,
02.13.2023 07:00:00,10.34.169.65@CSN3_CMG-CP,CPM,
02.13.2023 07:00:00,10.34.169.65@CSN3_CMG-CP,CP-ISA,
02.13.2023 07:00:00,10.34.170.1@CSN3_CMG-UP,MSM,
02.13.2023 07:00:00,10.34.170.1@CSN3_CMG-UP,CPM,
02.13.2023 07:00:00,10.34.170.1@CSN3_CMG-UP,CP-ISA,
02.13.2023 07:00:00,10.64.169.65@BTC_CMG-CP,CPM,
02.13.2023 07:00:00,10.64.169.65@BTC_CMG-CP,GN,54179
02.13.2023 07:00:00,10.64.169.65@BTC_CMG-CP,CP-ISA,
02.13.2023 07:00:00,10.64.169.65@BTC_CMG-CP,MSM,
02.13.2023 07:00:00,10.64.170.1@BTC_CMG-UP,CPM,
02.13.2023 07:00:00,10.64.170.1@BTC_CMG-UP,MSM,
02.13.2023 07:00:00,10.64.170.1@BTC_CMG-UP,CP-ISA,
02.13.2023 08:00:00,10.34.169.65@CSN3_CMG-CP,GN,42812
02.13.2023 08:00:00,10.34.169.65@CSN3_CMG-CP,MSM,
02.13.2023 08:00:00,10.34.169.65@CSN3_CMG-CP,CPM,
02.13.2023 08:00:00,10.34.169.65@CSN3_CMG-CP,CP-ISA,
02.13.2023 08:00:00,10.34.170.1@CSN3_CMG-UP,MSM,
02.13.2023 08:00:00,10.34.170.1@CSN3_CMG-UP,CPM,
02.13.2023 08:00:00,10.34.170.1@CSN3_CMG-UP,CP-ISA,
02.13.2023 08:00:00,10.64.169.65@BTC_CMG-CP,CPM,
02.13.2023 08:00:00,10.64.169.65@BTC_CMG-CP,GN,72714
02.13.2023 08:00:00,10.64.169.65@BTC_CMG-CP,CP-ISA,
02.13.2023 08:00:00,10.64.169.65@BTC_CMG-CP,MSM,
02.13.2023 08:00:00,10.64.170.1@BTC_CMG-UP,CPM,
02.13.2023 08:00:00,10.64.170.1@BTC_CMG-UP,MSM,
02.13.2023 08:00:00,10.64.170.1@BTC_CMG-UP,CP-ISA,
02.13.2023 09:00:00,10.34.169.65@CSN3_CMG-CP,CP-ISA,
02.13.2023 09:00:00,10.34.169.65@CSN3_CMG-CP,CPM,
02.13.2023 09:00:00,10.34.169.65@CSN3_CMG-CP,GN,42631
02.13.2023 09:00:00,10.34.169.65@CSN3_CMG-CP,MSM,
02.13.2023 09:00:00,10.34.170.1@CSN3_CMG-UP,CP-ISA,
02.13.2023 09:00:00,10.34.170.1@CSN3_CMG-UP,CPM,
02.13.2023 09:00:00,10.34.170.1@CSN3_CMG-UP,MSM,
02.13.2023 09:00:00,10.64.169.65@BTC_CMG-CP,CPM,
02.13.2023 09:00:00,10.64.169.65@BTC_CMG-CP,GN,86889
02.13.2023 09:00:00,10.64.169.65@BTC_CMG-CP,MSM,
02.13.2023 09:00:00,10.64.169.65@BTC_CMG-CP,CP-ISA,
02.13.2023 09:00:00,10.64.170.1@BTC_CMG-UP,CPM,
02.13.2023 09:00:00,10.64.170.1@BTC_CMG-UP,CP-ISA,
02.13.2023 09:00:00,10.64.170.1@BTC_CMG-UP,MSM,
02.13.2023 09:00:00,10.64.170.1@BTC_CMG-UP,CP-ISA,
02.13.2023 10:00:00,10.34.169.65@CSN3_CMG-CP,CPM,
02.13.2023 10:00:00,10.34.169.65@CSN3_CMG-CP,MSM,
02.13.2023 10:00:00,10.34.169.65@CSN3_CMG-CP,GN,45626
02.13.2023 10:00:00,10.34.169.65@CSN3_CMG-CP,CP-ISA,
02.13.2023 10:00:00,10.34.170.1@CSN3_CMG-UP,CPM,
02.13.2023 10:00:00,10.34.170.1@CSN3_CMG-UP,MSM,
02.13.2023 10:00:00,10.34.170.1@CSN3_CMG-UP,CP-ISA,
02.13.2023 10:00:00,10.64.169.65@BTC_CMG-CP,MSM,
02.13.2023 10:00:00,10.64.169.65@BTC_CMG-CP,GN,105451
02.13.2023 10:00:00,10.64.169.65@BTC_CMG-CP,CPM,
02.13.2023 10:00:00,10.64.169.65@BTC_CMG-CP,CP-ISA,
02.13.2023 10:00:00,10.64.170.1@BTC_CMG-UP,CP-ISA,
02.13.2023 10:00:00,10.64.170.1@BTC_CMG-UP,CPM,
02.13.2023 10:00:00,10.64.170.1@BTC_CMG-UP,MSM,
02.13.2023 11:00:00,10.34.169.65@CSN3_CMG-CP,GN,39264
02.13.2023 11:00:00,10.34.169.65@CSN3_CMG-CP,MSM,
02.13.2023 11:00:00,10.34.169.65@CSN3_CMG-CP,CPM,
02.13.2023 11:00:00,10.34.169.65@CSN3_CMG-CP,CP-ISA,
02.13.2023 11:00:00,10.34.170.1@CSN3_CMG-UP,MSM,
02.13.2023 11:00:00,10.34.170.1@CSN3_CMG-UP,CPM,
02.13.2023 11:00:00,10.34.170.1@CSN3_CMG-UP,CP-ISA,
02.13.2023 11:00:00,10.64.169.65@BTC_CMG-CP,CPM,
02.13.2023 11:00:00,10.64.169.65@BTC_CMG-CP,GN,102998
02.13.2023 11:00:00,10.64.169.65@BTC_CMG-CP,CP-ISA,
02.13.2023 11:00:00,10.64.169.65@BTC_CMG-CP,MSM,
02.13.2023 11:00:00,10.64.170.1@BTC_CMG-UP,CPM,
02.13.2023 11:00:00,10.64.170.1@BTC_CMG-UP,MSM,
02.13.2023 11:00:00,10.64.170.1@BTC_CMG-UP,CP-ISA,
02.13.2023 12:00:00,10.34.169.65@CSN3_CMG-CP,GN,24994
02.13.2023 12:00:00,10.34.169.65@CSN3_CMG-CP,MSM,
02.13.2023 12:00:00,10.34.169.65@CSN3_CMG-CP,CPM,
02.13.2023 12:00:00,10.34.169.65@CSN3_CMG-CP,CP-ISA,
02.13.2023 12:00:00,10.34.170.1@CSN3_CMG-UP,MSM,
02.13.2023 12:00:00,10.34.170.1@CSN3_CMG-UP,CPM,
02.13.2023 12:00:00,10.34.170.1@CSN3_CMG-UP,CP-ISA,
02.13.2023 12:00:00,10.64.169.65@BTC_CMG-CP,CPM,
02.13.2023 12:00:00,10.64.169.65@BTC_CMG-CP,GN,92325
02.13.2023 12:00:00,10.64.169.65@BTC_CMG-CP,CP-ISA,
02.13.2023 12:00:00,10.64.169.65@BTC_CMG-CP,MSM,
02.13.2023 12:00:00,10.64.170.1@BTC_CMG-UP,CPM,
02.13.2023 12:00:00,10.64.170.1@BTC_CMG-UP,MSM,
02.13.2023 12:00:00,10.64.170.1@BTC_CMG-UP,CP-ISA,
02.13.2023 13:00:00,10.34.169.65@CSN3_CMG-CP,CP-ISA,
02.13.2023 13:00:00,10.34.169.65@CSN3_CMG-CP,GN,23775
02.13.2023 13:00:00,10.34.169.65@CSN3_CMG-CP,MSM,
02.13.2023 13:00:00,10.34.169.65@CSN3_CMG-CP,CPM,
02.13.2023 13:00:00,10.34.170.1@CSN3_CMG-UP,CP-ISA,
02.13.2023 13:00:00,10.34.170.1@CSN3_CMG-UP,CPM,
02.13.2023 13:00:00,10.34.170.1@CSN3_CMG-UP,MSM,
02.13.2023 13:00:00,10.64.169.65@BTC_CMG-CP,MSM,
02.13.2023 13:00:00,10.64.169.65@BTC_CMG-CP,GN,94731
02.13.2023 13:00:00,10.64.169.65@BTC_CMG-CP,CP-ISA,
02.13.2023 13:00:00,10.64.169.65@BTC_CMG-CP,CPM,
02.13.2023 13:00:00,10.64.170.1@BTC_CMG-UP,MSM,
02.13.2023 13:00:00,10.64.170.1@BTC_CMG-UP,CPM,
02.13.2023 13:00:00,10.64.170.1@BTC_CMG-UP,CP-ISA,
02.13.2023 14:00:00,10.34.169.65@CSN3_CMG-CP,GN,23134
02.13.2023 14:00:00,10.34.169.65@CSN3_CMG-CP,MSM,
02.13.2023 14:00:00,10.34.169.65@CSN3_CMG-CP,CPM,
02.13.2023 14:00:00,10.34.169.65@CSN3_CMG-CP,CP-ISA,
02.13.2023 14:00:00,10.34.170.1@CSN3_CMG-UP,MSM,
02.13.2023 14:00:00,10.34.170.1@CSN3_CMG-UP,CPM,
02.13.2023 14:00:00,10.34.170.1@CSN3_CMG-UP,CP-ISA,
02.13.2023 14:00:00,10.64.169.65@BTC_CMG-CP,CPM,
02.13.2023 14:00:00,10.64.169.65@BTC_CMG-CP,GN,89748
02.13.2023 14:00:00,10.64.169.65@BTC_CMG-CP,CP-ISA,
02.13.2023 14:00:00,10.64.169.65@BTC_CMG-CP,MSM,
02.13.2023 14:00:00,10.64.170.1@BTC_CMG-UP,CPM,
02.13.2023 14:00:00,10.64.170.1@BTC_CMG-UP,MSM,
02.13.2023 14:00:00,10.64.170.1@BTC_CMG-UP,CP-ISA,
02.13.2023 15:00:00,10.34.169.65@CSN3_CMG-CP,GN,23883
02.13.2023 15:00:00,10.34.169.65@CSN3_CMG-CP,MSM,
02.13.2023 15:00:00,10.34.169.65@CSN3_CMG-CP,CPM,
02.13.2023 15:00:00,10.34.169.65@CSN3_CMG-CP,CP-ISA,
02.13.2023 15:00:00,10.34.170.1@CSN3_CMG-UP,MSM,
02.13.2023 15:00:00,10.34.170.1@CSN3_CMG-UP,CPM,
02.13.2023 15:00:00,10.34.170.1@CSN3_CMG-UP,CP-ISA,
02.13.2023 15:00:00,10.64.169.65@BTC_CMG-CP,CPM,
02.13.2023 15:00:00,10.64.169.65@BTC_CMG-CP,GN,90505
02.13.2023 15:00:00,10.64.169.65@BTC_CMG-CP,CP-ISA,
02.13.2023 15:00:00,10.64.169.65@BTC_CMG-CP,MSM,
02.13.2023 15:00:00,10.64.170.1@BTC_CMG-UP,CPM,
02.13.2023 15:00:00,10.64.170.1@BTC_CMG-UP,MSM,
02.13.2023 15:00:00,10.64.170.1@BTC_CMG-UP,CP-ISA,
02.13.2023 16:00:00,10.34.169.65@CSN3_CMG-CP,GN,23551
02.13.2023 16:00:00,10.34.169.65@CSN3_CMG-CP,MSM,
02.13.2023 16:00:00,10.34.169.65@CSN3_CMG-CP,CPM,
02.13.2023 16:00:00,10.34.169.65@CSN3_CMG-CP,CP-ISA,
02.13.2023 16:00:00,10.34.170.1@CSN3_CMG-UP,MSM,
02.13.2023 16:00:00,10.34.170.1@CSN3_CMG-UP,CPM,
02.13.2023 16:00:00,10.34.170.1@CSN3_CMG-UP,CP-ISA,
02.13.2023 16:00:00,10.64.169.65@BTC_CMG-CP,CPM,
02.13.2023 16:00:00,10.64.169.65@BTC_CMG-CP,GN,91298
02.13.2023 16:00:00,10.64.169.65@BTC_CMG-CP,CP-ISA,
02.13.2023 16:00:00,10.64.169.65@BTC_CMG-CP,MSM,
02.13.2023 16:00:00,10.64.170.1@BTC_CMG-UP,CPM,
02.13.2023 16:00:00,10.64.170.1@BTC_CMG-UP,MSM,
02.13.2023 16:00:00,10.64.170.1@BTC_CMG-UP,CP-ISA,
02.13.2023 17:00:00,10.34.169.65@CSN3_CMG-CP,GN,23596
02.13.2023 17:00:00,10.34.169.65@CSN3_CMG-CP,MSM,
02.13.2023 17:00:00,10.34.169.65@CSN3_CMG-CP,CPM,
02.13.2023 17:00:00,10.34.169.65@CSN3_CMG-CP,CP-ISA,
02.13.2023 17:00:00,10.34.170.1@CSN3_CMG-UP,MSM,
02.13.2023 17:00:00,10.34.170.1@CSN3_CMG-UP,CPM,
02.13.2023 17:00:00,10.34.170.1@CSN3_CMG-UP,CP-ISA,
02.13.2023 17:00:00,10.64.169.65@BTC_CMG-CP,CPM,
02.13.2023 17:00:00,10.64.169.65@BTC_CMG-CP,GN,93392
02.13.2023 17:00:00,10.64.169.65@BTC_CMG-CP,CP-ISA,
02.13.2023 17:00:00,10.64.169.65@BTC_CMG-CP,MSM,
02.13.2023 17:00:00,10.64.170.1@BTC_CMG-UP,CPM,
02.13.2023 17:00:00,10.64.170.1@BTC_CMG-UP,MSM,
02.13.2023 17:00:00,10.64.170.1@BTC_CMG-UP,CP-ISA,
02.13.2023 18:00:00,10.34.169.65@CSN3_CMG-CP,CP-ISA,
02.13.2023 18:00:00,10.34.169.65@CSN3_CMG-CP,GN,22961
02.13.2023 18:00:00,10.34.169.65@CSN3_CMG-CP,MSM,
02.13.2023 18:00:00,10.34.169.65@CSN3_CMG-CP,CPM,
02.13.2023 18:00:00,10.34.170.1@CSN3_CMG-UP,CPM,
02.13.2023 18:00:00,10.34.170.1@CSN3_CMG-UP,CP-ISA,
02.13.2023 18:00:00,10.34.170.1@CSN3_CMG-UP,MSM,
02.13.2023 18:00:00,10.64.169.65@BTC_CMG-CP,GN,96626
02.13.2023 18:00:00,10.64.169.65@BTC_CMG-CP,CP-ISA,
02.13.2023 18:00:00,10.64.169.65@BTC_CMG-CP,CPM,
02.13.2023 18:00:00,10.64.169.65@BTC_CMG-CP,MSM,
02.13.2023 18:00:00,10.64.170.1@BTC_CMG-UP,MSM,
02.13.2023 18:00:00,10.64.170.1@BTC_CMG-UP,CP-ISA,
02.13.2023 18:00:00,10.64.170.1@BTC_CMG-UP,CPM,
02.13.2023 19:00:00,10.34.169.65@CSN3_CMG-CP,GN,22233
02.13.2023 19:00:00,10.34.169.65@CSN3_CMG-CP,MSM,
02.13.2023 19:00:00,10.34.169.65@CSN3_CMG-CP,CPM,
02.13.2023 19:00:00,10.34.169.65@CSN3_CMG-CP,CP-ISA,
02.13.2023 19:00:00,10.34.170.1@CSN3_CMG-UP,MSM,
02.13.2023 19:00:00,10.34.170.1@CSN3_CMG-UP,CPM,
02.13.2023 19:00:00,10.34.170.1@CSN3_CMG-UP,CP-ISA,
02.13.2023 19:00:00,10.64.169.65@BTC_CMG-CP,CPM,
02.13.2023 19:00:00,10.64.169.65@BTC_CMG-CP,GN,92311
02.13.2023 19:00:00,10.64.169.65@BTC_CMG-CP,CP-ISA,
02.13.2023 19:00:00,10.64.169.65@BTC_CMG-CP,MSM,
02.13.2023 19:00:00,10.64.170.1@BTC_CMG-UP,CPM,
02.13.2023 19:00:00,10.64.170.1@BTC_CMG-UP,MSM,
02.13.2023 19:00:00,10.64.170.1@BTC_CMG-UP,CP-ISA,
02.13.2023 20:00:00,10.34.169.65@CSN3_CMG-CP,GN,20083
02.13.2023 20:00:00,10.34.169.65@CSN3_CMG-CP,MSM,
02.13.2023 20:00:00,10.34.169.65@CSN3_CMG-CP,CPM,
02.13.2023 20:00:00,10.34.169.65@CSN3_CMG-CP,CP-ISA,
02.13.2023 20:00:00,10.34.170.1@CSN3_CMG-UP,MSM,
02.13.2023 20:00:00,10.34.170.1@CSN3_CMG-UP,CPM,
02.13.2023 20:00:00,10.34.170.1@CSN3_CMG-UP,CP-ISA,
02.13.2023 20:00:00,10.64.169.65@BTC_CMG-CP,CPM,
02.13.2023 20:00:00,10.64.169.65@BTC_CMG-CP,GN,85411
02.13.2023 20:00:00,10.64.169.65@BTC_CMG-CP,CP-ISA,
02.13.2023 20:00:00,10.64.169.65@BTC_CMG-CP,MSM,
02.13.2023 20:00:00,10.64.170.1@BTC_CMG-UP,CPM,
02.13.2023 20:00:00,10.64.170.1@BTC_CMG-UP,MSM,
02.13.2023 20:00:00,10.64.170.1@BTC_CMG-UP,CP-ISA,
02.13.2023 21:00:00,10.34.169.65@CSN3_CMG-CP,GN,18900
02.13.2023 21:00:00,10.34.169.65@CSN3_CMG-CP,MSM,
02.13.2023 21:00:00,10.34.169.65@CSN3_CMG-CP,CPM,
02.13.2023 21:00:00,10.34.169.65@CSN3_CMG-CP,CP-ISA,
02.13.2023 21:00:00,10.34.170.1@CSN3_CMG-UP,MSM,
02.13.2023 21:00:00,10.34.170.1@CSN3_CMG-UP,CPM,
02.13.2023 21:00:00,10.34.170.1@CSN3_CMG-UP,CP-ISA,
02.13.2023 21:00:00,10.64.169.65@BTC_CMG-CP,CPM,
02.13.2023 21:00:00,10.64.169.65@BTC_CMG-CP,GN,78229
02.13.2023 21:00:00,10.64.169.65@BTC_CMG-CP,CP-ISA,
02.13.2023 21:00:00,10.64.169.65@BTC_CMG-CP,MSM,
02.13.2023 21:00:00,10.64.170.1@BTC_CMG-UP,CPM,
02.13.2023 21:00:00,10.64.170.1@BTC_CMG-UP,MSM,
02.13.2023 21:00:00,10.64.170.1@BTC_CMG-UP,CP-ISA,
02.13.2023 22:00:00,10.34.169.65@CSN3_CMG-CP,GN,16897
02.13.2023 22:00:00,10.34.169.65@CSN3_CMG-CP,CPM,
02.13.2023 22:00:00,10.34.169.65@CSN3_CMG-CP,CP-ISA,
02.13.2023 22:00:00,10.34.169.65@CSN3_CMG-CP,MSM,
02.13.2023 22:00:00,10.34.170.1@CSN3_CMG-UP,CP-ISA,
02.13.2023 22:00:00,10.34.170.1@CSN3_CMG-UP,CPM,
02.13.2023 22:00:00,10.34.170.1@CSN3_CMG-UP,MSM,
02.13.2023 22:00:00,10.64.169.65@BTC_CMG-CP,GN,66614
02.13.2023 22:00:00,10.64.169.65@BTC_CMG-CP,CPM,
02.13.2023 22:00:00,10.64.169.65@BTC_CMG-CP,CP-ISA,
02.13.2023 22:00:00,10.64.169.65@BTC_CMG-CP,MSM,
02.13.2023 22:00:00,10.64.170.1@BTC_CMG-UP,CP-ISA,
02.13.2023 22:00:00,10.64.170.1@BTC_CMG-UP,CPM,
02.13.2023 22:00:00,10.64.170.1@BTC_CMG-UP,MSM,
02.13.2023 23:00:00,10.34.169.65@CSN3_CMG-CP,GN,14298
02.13.2023 23:00:00,10.34.169.65@CSN3_CMG-CP,MSM,
02.13.2023 23:00:00,10.34.169.65@CSN3_CMG-CP,CPM,
02.13.2023 23:00:00,10.34.169.65@CSN3_CMG-CP,CP-ISA,
02.13.2023 23:00:00,10.34.170.1@CSN3_CMG-UP,MSM,
02.13.2023 23:00:00,10.34.170.1@CSN3_CMG-UP,CPM,
02.13.2023 23:00:00,10.34.170.1@CSN3_CMG-UP,CP-ISA,
02.13.2023 23:00:00,10.64.169.65@BTC_CMG-CP,CPM,
02.13.2023 23:00:00,10.64.169.65@BTC_CMG-CP,GN,53248
02.13.2023 23:00:00,10.64.169.65@BTC_CMG-CP,CP-ISA,
02.13.2023 23:00:00,10.64.169.65@BTC_CMG-CP,MSM,
02.13.2023 23:00:00,10.64.170.1@BTC_CMG-UP,CPM,
02.13.2023 23:00:00,10.64.170.1@BTC_CMG-UP,MSM,
02.13.2023 23:00:00,10.64.170.1@BTC_CMG-UP,CP-ISA,
02.14.2023 00:00:00,10.34.169.65@CSN3_CMG-CP,GN,14873
02.14.2023 00:00:00,10.34.169.65@CSN3_CMG-CP,MSM,
02.14.2023 00:00:00,10.34.169.65@CSN3_CMG-CP,CPM,
02.14.2023 00:00:00,10.34.169.65@CSN3_CMG-CP,CP-ISA,
02.14.2023 00:00:00,10.34.170.1@CSN3_CMG-UP,MSM,
02.14.2023 00:00:00,10.34.170.1@CSN3_CMG-UP,CPM,
02.14.2023 00:00:00,10.34.170.1@CSN3_CMG-UP,CP-ISA,
02.14.2023 00:00:00,10.64.169.65@BTC_CMG-CP,CPM,
02.14.2023 00:00:00,10.64.169.65@BTC_CMG-CP,GN,45740
02.14.2023 00:00:00,10.64.169.65@BTC_CMG-CP,CP-ISA,
02.14.2023 00:00:00,10.64.169.65@BTC_CMG-CP,MSM,
02.14.2023 00:00:00,10.64.170.1@BTC_CMG-UP,CPM,
02.14.2023 00:00:00,10.64.170.1@BTC_CMG-UP,MSM,
02.14.2023 00:00:00,10.64.170.1@BTC_CMG-UP,CP-ISA,
02.14.2023 01:00:00,10.34.169.65@CSN3_CMG-CP,GN,10878
02.14.2023 01:00:00,10.34.169.65@CSN3_CMG-CP,MSM,
02.14.2023 01:00:00,10.34.169.65@CSN3_CMG-CP,CPM,
02.14.2023 01:00:00,10.34.169.65@CSN3_CMG-CP,CP-ISA,
02.14.2023 01:00:00,10.34.170.1@CSN3_CMG-UP,MSM,
02.14.2023 01:00:00,10.34.170.1@CSN3_CMG-UP,CPM,
02.14.2023 01:00:00,10.34.170.1@CSN3_CMG-UP,CP-ISA,
02.14.2023 01:00:00,10.64.169.65@BTC_CMG-CP,CPM,
02.14.2023 01:00:00,10.64.169.65@BTC_CMG-CP,GN,34759
02.14.2023 01:00:00,10.64.169.65@BTC_CMG-CP,CP-ISA,
02.14.2023 01:00:00,10.64.169.65@BTC_CMG-CP,MSM,
02.14.2023 01:00:00,10.64.170.1@BTC_CMG-UP,CPM,
02.14.2023 01:00:00,10.64.170.1@BTC_CMG-UP,MSM,
02.14.2023 01:00:00,10.64.170.1@BTC_CMG-UP,CP-ISA,
02.14.2023 02:00:00,10.34.169.65@CSN3_CMG-CP,GN,10547
02.14.2023 02:00:00,10.34.169.65@CSN3_CMG-CP,MSM,
02.14.2023 02:00:00,10.34.169.65@CSN3_CMG-CP,CPM,
02.14.2023 02:00:00,10.34.169.65@CSN3_CMG-CP,CP-ISA,
02.14.2023 02:00:00,10.34.170.1@CSN3_CMG-UP,MSM,
02.14.2023 02:00:00,10.34.170.1@CSN3_CMG-UP,CPM,
02.14.2023 02:00:00,10.34.170.1@CSN3_CMG-UP,CP-ISA,
02.14.2023 02:00:00,10.64.169.65@BTC_CMG-CP,CPM,
02.14.2023 02:00:00,10.64.169.65@BTC_CMG-CP,GN,39919
02.14.2023 02:00:00,10.64.169.65@BTC_CMG-CP,CP-ISA,
02.14.2023 02:00:00,10.64.169.65@BTC_CMG-CP,MSM,
02.14.2023 02:00:00,10.64.170.1@BTC_CMG-UP,CPM,
02.14.2023 02:00:00,10.64.170.1@BTC_CMG-UP,MSM,
02.14.2023 02:00:00,10.64.170.1@BTC_CMG-UP,CP-ISA,
02.14.2023 03:00:00,10.34.169.65@CSN3_CMG-CP,GN,10174
02.14.2023 03:00:00,10.34.169.65@CSN3_CMG-CP,MSM,
02.14.2023 03:00:00,10.34.169.65@CSN3_CMG-CP,CPM,
02.14.2023 03:00:00,10.34.169.65@CSN3_CMG-CP,CP-ISA,
02.14.2023 03:00:00,10.34.170.1@CSN3_CMG-UP,MSM,
02.14.2023 03:00:00,10.34.170.1@CSN3_CMG-UP,CPM,
02.14.2023 03:00:00,10.34.170.1@CSN3_CMG-UP,CP-ISA,
02.14.2023 03:00:00,10.64.169.65@BTC_CMG-CP,CPM,
02.14.2023 03:00:00,10.64.169.65@BTC_CMG-CP,GN,31861
02.14.2023 03:00:00,10.64.169.65@BTC_CMG-CP,CP-ISA,
02.14.2023 03:00:00,10.64.169.65@BTC_CMG-CP,MSM,
02.14.2023 03:00:00,10.64.170.1@BTC_CMG-UP,CPM,
02.14.2023 03:00:00,10.64.170.1@BTC_CMG-UP,MSM,
02.14.2023 03:00:00,10.64.170.1@BTC_CMG-UP,CP-ISA,
02.14.2023 04:00:00,10.34.169.65@CSN3_CMG-CP,CP-ISA,
02.14.2023 04:00:00,10.34.169.65@CSN3_CMG-CP,CPM,
02.14.2023 04:00:00,10.34.169.65@CSN3_CMG-CP,GN,9819
02.14.2023 04:00:00,10.34.169.65@CSN3_CMG-CP,MSM,
02.14.2023 04:00:00,10.34.170.1@CSN3_CMG-UP,CP-ISA,
02.14.2023 04:00:00,10.34.170.1@CSN3_CMG-UP,CPM,
02.14.2023 04:00:00,10.34.170.1@CSN3_CMG-UP,MSM,
02.14.2023 04:00:00,10.64.169.65@BTC_CMG-CP,MSM,
02.14.2023 04:00:00,10.64.169.65@BTC_CMG-CP,GN,28063
02.14.2023 04:00:00,10.64.169.65@BTC_CMG-CP,CPM,
02.14.2023 04:00:00,10.64.169.65@BTC_CMG-CP,CP-ISA,
02.14.2023 04:00:00,10.64.170.1@BTC_CMG-UP,CPM,
02.14.2023 04:00:00,10.64.170.1@BTC_CMG-UP,CP-ISA,
02.14.2023 04:00:00,10.64.170.1@BTC_CMG-UP,MSM,
02.14.2023 05:00:00,10.34.169.65@CSN3_CMG-CP,GN,10489
02.14.2023 05:00:00,10.34.169.65@CSN3_CMG-CP,MSM,
02.14.2023 05:00:00,10.34.169.65@CSN3_CMG-CP,CPM,
02.14.2023 05:00:00,10.34.169.65@CSN3_CMG-CP,CP-ISA,
02.14.2023 05:00:00,10.34.170.1@CSN3_CMG-UP,MSM,
02.14.2023 05:00:00,10.34.170.1@CSN3_CMG-UP,CPM,
02.14.2023 05:00:00,10.34.170.1@CSN3_CMG-UP,CP-ISA,
02.14.2023 05:00:00,10.64.169.65@BTC_CMG-CP,CPM,
02.14.2023 05:00:00,10.64.169.65@BTC_CMG-CP,GN,28349
02.14.2023 05:00:00,10.64.169.65@BTC_CMG-CP,CP-ISA,
02.14.2023 05:00:00,10.64.169.65@BTC_CMG-CP,MSM,
02.14.2023 05:00:00,10.64.170.1@BTC_CMG-UP,CPM,
02.14.2023 05:00:00,10.64.170.1@BTC_CMG-UP,MSM,
02.14.2023 05:00:00,10.64.170.1@BTC_CMG-UP,CP-ISA,
02.14.2023 06:00:00,10.34.169.65@CSN3_CMG-CP,GN,12271
02.14.2023 06:00:00,10.34.169.65@CSN3_CMG-CP,MSM,
02.14.2023 06:00:00,10.34.169.65@CSN3_CMG-CP,CPM,
02.14.2023 06:00:00,10.34.169.65@CSN3_CMG-CP,CP-ISA,
02.14.2023 06:00:00,10.34.170.1@CSN3_CMG-UP,MSM,
02.14.2023 06:00:00,10.34.170.1@CSN3_CMG-UP,CPM,
02.14.2023 06:00:00,10.34.170.1@CSN3_CMG-UP,CP-ISA,
02.14.2023 06:00:00,10.64.169.65@BTC_CMG-CP,CPM,
02.14.2023 06:00:00,10.64.169.65@BTC_CMG-CP,GN,33992
02.14.2023 06:00:00,10.64.169.65@BTC_CMG-CP,CP-ISA,
02.14.2023 06:00:00,10.64.169.65@BTC_CMG-CP,MSM,
02.14.2023 06:00:00,10.64.170.1@BTC_CMG-UP,CPM,
02.14.2023 06:00:00,10.64.170.1@BTC_CMG-UP,MSM,
02.14.2023 06:00:00,10.64.170.1@BTC_CMG-UP,CP-ISA,
02.14.2023 07:00:00,10.34.169.65@CSN3_CMG-CP,GN,15450
02.14.2023 07:00:00,10.34.169.65@CSN3_CMG-CP,MSM,
02.14.2023 07:00:00,10.34.169.65@CSN3_CMG-CP,CPM,
02.14.2023 07:00:00,10.34.169.65@CSN3_CMG-CP,CP-ISA,
02.14.2023 07:00:00,10.34.170.1@CSN3_CMG-UP,MSM,
02.14.2023 07:00:00,10.34.170.1@CSN3_CMG-UP,CPM,
02.14.2023 07:00:00,10.34.170.1@CSN3_CMG-UP,CP-ISA,
02.14.2023 07:00:00,10.64.169.65@BTC_CMG-CP,CPM,
02.14.2023 07:00:00,10.64.169.65@BTC_CMG-CP,GN,48491
02.14.2023 07:00:00,10.64.169.65@BTC_CMG-CP,CP-ISA,
02.14.2023 07:00:00,10.64.169.65@BTC_CMG-CP,MSM,
02.14.2023 07:00:00,10.64.170.1@BTC_CMG-UP,CPM,
02.14.2023 07:00:00,10.64.170.1@BTC_CMG-UP,MSM,
02.14.2023 07:00:00,10.64.170.1@BTC_CMG-UP,CP-ISA,
02.14.2023 08:00:00,10.34.169.65@CSN3_CMG-CP,MSM,
02.14.2023 08:00:00,10.34.169.65@CSN3_CMG-CP,GN,18664
02.14.2023 08:00:00,10.34.169.65@CSN3_CMG-CP,CPM,
02.14.2023 08:00:00,10.34.169.65@CSN3_CMG-CP,CP-ISA,
02.14.2023 08:00:00,10.34.170.1@CSN3_CMG-UP,CPM,
02.14.2023 08:00:00,10.34.170.1@CSN3_CMG-UP,MSM,
02.14.2023 08:00:00,10.34.170.1@CSN3_CMG-UP,CP-ISA,
02.14.2023 08:00:00,10.64.169.65@BTC_CMG-CP,CP-ISA,
02.14.2023 08:00:00,10.64.169.65@BTC_CMG-CP,CPM,
02.14.2023 08:00:00,10.64.169.65@BTC_CMG-CP,GN,64570
02.14.2023 08:00:00,10.64.169.65@BTC_CMG-CP,MSM,
02.14.2023 08:00:00,10.64.170.1@BTC_CMG-UP,CP-ISA,
02.14.2023 08:00:00,10.64.170.1@BTC_CMG-UP,CPM,
02.14.2023 08:00:00,10.64.170.1@BTC_CMG-UP,MSM,
02.14.2023 08:00:00,10.64.170.1@BTC_CMG-UP,CP-ISA,
02.14.2023 09:00:00,10.34.169.65@CSN3_CMG-CP,MSM,
02.14.2023 09:00:00,10.34.169.65@CSN3_CMG-CP,GN,20604
02.14.2023 09:00:00,10.34.169.65@CSN3_CMG-CP,CPM,
02.14.2023 09:00:00,10.34.169.65@CSN3_CMG-CP,CP-ISA,
02.14.2023 09:00:00,10.34.170.1@CSN3_CMG-UP,CPM,
02.14.2023 09:00:00,10.34.170.1@CSN3_CMG-UP,MSM,
02.14.2023 09:00:00,10.34.170.1@CSN3_CMG-UP,CP-ISA,
02.14.2023 09:00:00,10.64.169.65@BTC_CMG-CP,GN,76593
02.14.2023 09:00:00,10.64.169.65@BTC_CMG-CP,MSM,
02.14.2023 09:00:00,10.64.169.65@BTC_CMG-CP,CP-ISA,
02.14.2023 09:00:00,10.64.169.65@BTC_CMG-CP,CPM,
02.14.2023 09:00:00,10.64.170.1@BTC_CMG-UP,MSM,
02.14.2023 09:00:00,10.64.170.1@BTC_CMG-UP,CP-ISA,
02.14.2023 09:00:00,10.64.170.1@BTC_CMG-UP,CPM,
02.14.2023 10:00:00,10.34.169.65@CSN3_CMG-CP,CPM,
02.14.2023 10:00:00,10.34.169.65@CSN3_CMG-CP,MSM,
02.14.2023 10:00:00,10.34.169.65@CSN3_CMG-CP,GN,22111
02.14.2023 10:00:00,10.34.169.65@CSN3_CMG-CP,CP-ISA,
02.14.2023 10:00:00,10.34.170.1@CSN3_CMG-UP,CPM,
02.14.2023 10:00:00,10.34.170.1@CSN3_CMG-UP,MSM,
02.14.2023 10:00:00,10.34.170.1@CSN3_CMG-UP,CP-ISA,
02.14.2023 10:00:00,10.64.169.65@BTC_CMG-CP,MSM,
02.14.2023 10:00:00,10.64.169.65@BTC_CMG-CP,GN,87181
02.14.2023 10:00:00,10.64.169.65@BTC_CMG-CP,CPM,
02.14.2023 10:00:00,10.64.169.65@BTC_CMG-CP,CP-ISA,
02.14.2023 10:00:00,10.64.170.1@BTC_CMG-UP,CP-ISA,
02.14.2023 10:00:00,10.64.170.1@BTC_CMG-UP,CPM,
02.14.2023 10:00:00,10.64.170.1@BTC_CMG-UP,MSM,
02.14.2023 11:00:00,10.34.169.65@CSN3_CMG-CP,GN,23128
02.14.2023 11:00:00,10.34.169.65@CSN3_CMG-CP,MSM,
02.14.2023 11:00:00,10.34.169.65@CSN3_CMG-CP,CPM,
02.14.2023 11:00:00,10.34.169.65@CSN3_CMG-CP,CP-ISA,
02.14.2023 11:00:00,10.34.170.1@CSN3_CMG-UP,MSM,
02.14.2023 11:00:00,10.34.170.1@CSN3_CMG-UP,CPM,
02.14.2023 11:00:00,10.34.170.1@CSN3_CMG-UP,CP-ISA,
02.14.2023 11:00:00,10.64.169.65@BTC_CMG-CP,CPM,
02.14.2023 11:00:00,10.64.169.65@BTC_CMG-CP,GN,93437
02.14.2023 11:00:00,10.64.169.65@BTC_CMG-CP,CP-ISA,
02.14.2023 11:00:00,10.64.169.65@BTC_CMG-CP,MSM,
02.14.2023 11:00:00,10.64.170.1@BTC_CMG-UP,CPM,
02.14.2023 11:00:00,10.64.170.1@BTC_CMG-UP,MSM,
02.14.2023 11:00:00,10.64.170.1@BTC_CMG-UP,CP-ISA,
02.14.2023 12:00:00,10.34.169.65@CSN3_CMG-CP,GN,24738
02.14.2023 12:00:00,10.34.169.65@CSN3_CMG-CP,MSM,
02.14.2023 12:00:00,10.34.169.65@CSN3_CMG-CP,CPM,
02.14.2023 12:00:00,10.34.169.65@CSN3_CMG-CP,CP-ISA,
02.14.2023 12:00:00,10.34.170.1@CSN3_CMG-UP,MSM,
02.14.2023 12:00:00,10.34.170.1@CSN3_CMG-UP,CPM,
02.14.2023 12:00:00,10.34.170.1@CSN3_CMG-UP,CP-ISA,
02.14.2023 12:00:00,10.64.169.65@BTC_CMG-CP,CPM,
02.14.2023 12:00:00,10.64.169.65@BTC_CMG-CP,GN,97441
02.14.2023 12:00:00,10.64.169.65@BTC_CMG-CP,CP-ISA,
02.14.2023 12:00:00,10.64.169.65@BTC_CMG-CP,MSM,
02.14.2023 12:00:00,10.64.170.1@BTC_CMG-UP,CPM,
02.14.2023 12:00:00,10.64.170.1@BTC_CMG-UP,MSM,
02.14.2023 12:00:00,10.64.170.1@BTC_CMG-UP,CP-ISA,
02.14.2023 13:00:00,10.34.169.65@CSN3_CMG-CP,CP-ISA,
02.14.2023 13:00:00,10.34.169.65@CSN3_CMG-CP,GN,23957
02.14.2023 13:00:00,10.34.169.65@CSN3_CMG-CP,MSM,
02.14.2023 13:00:00,10.34.169.65@CSN3_CMG-CP,CPM,
02.14.2023 13:00:00,10.34.170.1@CSN3_CMG-UP,CP-ISA,
02.14.2023 13:00:00,10.34.170.1@CSN3_CMG-UP,CPM,
02.14.2023 13:00:00,10.34.170.1@CSN3_CMG-UP,MSM,
02.14.2023 13:00:00,10.64.169.65@BTC_CMG-CP,MSM,
02.14.2023 13:00:00,10.64.169.65@BTC_CMG-CP,GN,95448
02.14.2023 13:00:00,10.64.169.65@BTC_CMG-CP,CP-ISA,
02.14.2023 13:00:00,10.64.169.65@BTC_CMG-CP,CPM,
02.14.2023 13:00:00,10.64.170.1@BTC_CMG-UP,MSM,
02.14.2023 13:00:00,10.64.170.1@BTC_CMG-UP,CPM,
02.14.2023 13:00:00,10.64.170.1@BTC_CMG-UP,CP-ISA,
02.14.2023 14:00:00,10.34.169.65@CSN3_CMG-CP,GN,22618
02.14.2023 14:00:00,10.34.169.65@CSN3_CMG-CP,MSM,
02.14.2023 14:00:00,10.34.169.65@CSN3_CMG-CP,CPM,
02.14.2023 14:00:00,10.34.169.65@CSN3_CMG-CP,CP-ISA,
02.14.2023 14:00:00,10.34.170.1@CSN3_CMG-UP,MSM,
02.14.2023 14:00:00,10.34.170.1@CSN3_CMG-UP,CPM,
02.14.2023 14:00:00,10.34.170.1@CSN3_CMG-UP,CP-ISA,
02.14.2023 14:00:00,10.64.169.65@BTC_CMG-CP,CPM,
02.14.2023 14:00:00,10.64.169.65@BTC_CMG-CP,GN,92909
02.14.2023 14:00:00,10.64.169.65@BTC_CMG-CP,CP-ISA,
02.14.2023 14:00:00,10.64.169.65@BTC_CMG-CP,MSM,
02.14.2023 14:00:00,10.64.170.1@BTC_CMG-UP,CPM,
02.14.2023 14:00:00,10.64.170.1@BTC_CMG-UP,MSM,
02.14.2023 14:00:00,10.64.170.1@BTC_CMG-UP,CP-ISA,
02.14.2023 15:00:00,10.34.169.65@CSN3_CMG-CP,GN,22636
02.14.2023 15:00:00,10.34.169.65@CSN3_CMG-CP,MSM,
02.14.2023 15:00:00,10.34.169.65@CSN3_CMG-CP,CPM,
02.14.2023 15:00:00,10.34.169.65@CSN3_CMG-CP,CP-ISA,
02.14.2023 15:00:00,10.34.170.1@CSN3_CMG-UP,MSM,
02.14.2023 15:00:00,10.34.170.1@CSN3_CMG-UP,CPM,
02.14.2023 15:00:00,10.34.170.1@CSN3_CMG-UP,CP-ISA,
02.14.2023 15:00:00,10.64.169.65@BTC_CMG-CP,CPM,
02.14.2023 15:00:00,10.64.169.65@BTC_CMG-CP,GN,90382
02.14.2023 15:00:00,10.64.169.65@BTC_CMG-CP,CP-ISA,
02.14.2023 15:00:00,10.64.169.65@BTC_CMG-CP,MSM,
02.14.2023 15:00:00,10.64.170.1@BTC_CMG-UP,CPM,
02.14.2023 15:00:00,10.64.170.1@BTC_CMG-UP,MSM,
02.14.2023 15:00:00,10.64.170.1@BTC_CMG-UP,CP-ISA,
02.14.2023 16:00:00,10.34.169.65@CSN3_CMG-CP,GN,23178
02.14.2023 16:00:00,10.34.169.65@CSN3_CMG-CP,MSM,
02.14.2023 16:00:00,10.34.169.65@CSN3_CMG-CP,CPM,
02.14.2023 16:00:00,10.34.169.65@CSN3_CMG-CP,CP-ISA,
02.14.2023 16:00:00,10.34.170.1@CSN3_CMG-UP,MSM,
02.14.2023 16:00:00,10.34.170.1@CSN3_CMG-UP,CPM,
02.14.2023 16:00:00,10.34.170.1@CSN3_CMG-UP,CP-ISA,
02.14.2023 16:00:00,10.64.169.65@BTC_CMG-CP,CPM,
02.14.2023 16:00:00,10.64.169.65@BTC_CMG-CP,GN,91516
02.14.2023 16:00:00,10.64.169.65@BTC_CMG-CP,CP-ISA,
02.14.2023 16:00:00,10.64.169.65@BTC_CMG-CP,MSM,
02.14.2023 16:00:00,10.64.170.1@BTC_CMG-UP,CPM,
02.14.2023 16:00:00,10.64.170.1@BTC_CMG-UP,MSM,
02.14.2023 16:00:00,10.64.170.1@BTC_CMG-UP,CP-ISA,
02.14.2023 17:00:00,10.34.169.65@CSN3_CMG-CP,GN,23114
02.14.2023 17:00:00,10.34.169.65@CSN3_CMG-CP,MSM,
02.14.2023 17:00:00,10.34.169.65@CSN3_CMG-CP,CPM,
02.14.2023 17:00:00,10.34.169.65@CSN3_CMG-CP,CP-ISA,
02.14.2023 17:00:00,10.34.170.1@CSN3_CMG-UP,MSM,
02.14.2023 17:00:00,10.34.170.1@CSN3_CMG-UP,CPM,
02.14.2023 17:00:00,10.34.170.1@CSN3_CMG-UP,CP-ISA,
02.14.2023 17:00:00,10.64.169.65@BTC_CMG-CP,CPM,
02.14.2023 17:00:00,10.64.169.65@BTC_CMG-CP,GN,93203
02.14.2023 17:00:00,10.64.169.65@BTC_CMG-CP,CP-ISA,
02.14.2023 17:00:00,10.64.169.65@BTC_CMG-CP,MSM,
02.14.2023 17:00:00,10.64.170.1@BTC_CMG-UP,CPM,
02.14.2023 17:00:00,10.64.170.1@BTC_CMG-UP,MSM,
02.14.2023 17:00:00,10.64.170.1@BTC_CMG-UP,CP-ISA,
02.14.2023 18:00:00,10.34.169.65@CSN3_CMG-CP,CP-ISA,
02.14.2023 18:00:00,10.34.169.65@CSN3_CMG-CP,GN,23288
02.14.2023 18:00:00,10.34.169.65@CSN3_CMG-CP,MSM,
02.14.2023 18:00:00,10.34.169.65@CSN3_CMG-CP,CPM,
02.14.2023 18:00:00,10.34.170.1@CSN3_CMG-UP,CPM,
02.14.2023 18:00:00,10.34.170.1@CSN3_CMG-UP,CP-ISA,
02.14.2023 18:00:00,10.34.170.1@CSN3_CMG-UP,MSM,
02.14.2023 18:00:00,10.64.169.65@BTC_CMG-CP,GN,94470
02.14.2023 18:00:00,10.64.169.65@BTC_CMG-CP,CP-ISA,
02.14.2023 18:00:00,10.64.169.65@BTC_CMG-CP,CPM,
02.14.2023 18:00:00,10.64.169.65@BTC_CMG-CP,MSM,
02.14.2023 18:00:00,10.64.170.1@BTC_CMG-UP,MSM,
02.14.2023 18:00:00,10.64.170.1@BTC_CMG-UP,CP-ISA,
02.14.2023 18:00:00,10.64.170.1@BTC_CMG-UP,CPM,
02.14.2023 19:00:00,10.34.169.65@CSN3_CMG-CP,MSM,
02.14.2023 19:00:00,10.34.169.65@CSN3_CMG-CP,GN,21374
02.14.2023 19:00:00,10.34.169.65@CSN3_CMG-CP,CPM,
02.14.2023 19:00:00,10.34.169.65@CSN3_CMG-CP,CP-ISA,
02.14.2023 19:00:00,10.34.169.65@CSN3_CMG-CP,CPM,
02.14.2023 19:00:00,10.34.170.1@CSN3_CMG-UP,CPM,
02.14.2023 19:00:00,10.34.170.1@CSN3_CMG-UP,MSM,
02.14.2023 19:00:00,10.34.170.1@CSN3_CMG-UP,CP-ISA,
02.14.2023 19:00:00,10.64.169.65@BTC_CMG-CP,CP-ISA,
02.14.2023 19:00:00,10.64.169.65@BTC_CMG-CP,CPM,
02.14.2023 19:00:00,10.64.169.65@BTC_CMG-CP,GN,91222
02.14.2023 19:00:00,10.64.169.65@BTC_CMG-CP,MSM,
02.14.2023 19:00:00,10.64.170.1@BTC_CMG-UP,CP-ISA,
02.14.2023 19:00:00,10.64.170.1@BTC_CMG-UP,CPM,
02.14.2023 19:00:00,10.64.170.1@BTC_CMG-UP,MSM,
02.14.2023 20:00:00,10.34.169.65@CSN3_CMG-CP,GN,20943
02.14.2023 20:00:00,10.34.169.65@CSN3_CMG-CP,MSM,
02.14.2023 20:00:00,10.34.169.65@CSN3_CMG-CP,CPM,
02.14.2023 20:00:00,10.34.169.65@CSN3_CMG-CP,CP-ISA,
02.14.2023 20:00:00,10.34.170.1@CSN3_CMG-UP,MSM,
02.14.2023 20:00:00,10.34.170.1@CSN3_CMG-UP,CPM,
02.14.2023 20:00:00,10.34.170.1@CSN3_CMG-UP,CP-ISA,
02.14.2023 20:00:00,10.64.169.65@BTC_CMG-CP,CPM,
02.14.2023 20:00:00,10.64.169.65@BTC_CMG-CP,GN,83424
02.14.2023 20:00:00,10.64.169.65@BTC_CMG-CP,CP-ISA,
02.14.2023 20:00:00,10.64.169.65@BTC_CMG-CP,MSM,
02.14.2023 20:00:00,10.64.170.1@BTC_CMG-UP,CPM,
02.14.2023 20:00:00,10.64.170.1@BTC_CMG-UP,MSM,
02.14.2023 20:00:00,10.64.170.1@BTC_CMG-UP,CP-ISA,
02.14.2023 21:00:00,10.34.169.65@CSN3_CMG-CP,GN,19805
02.14.2023 21:00:00,10.34.169.65@CSN3_CMG-CP,MSM,
02.14.2023 21:00:00,10.34.169.65@CSN3_CMG-CP,CPM,
02.14.2023 21:00:00,10.34.169.65@CSN3_CMG-CP,CP-ISA,
02.14.2023 21:00:00,10.34.170.1@CSN3_CMG-UP,MSM,
02.14.2023 21:00:00,10.34.170.1@CSN3_CMG-UP,CPM,
02.14.2023 21:00:00,10.34.170.1@CSN3_CMG-UP,CP-ISA,
02.14.2023 21:00:00,10.64.169.65@BTC_CMG-CP,CPM,
02.14.2023 21:00:00,10.64.169.65@BTC_CMG-CP,GN,74410
02.14.2023 21:00:00,10.64.169.65@BTC_CMG-CP,CP-ISA,
02.14.2023 21:00:00,10.64.169.65@BTC_CMG-CP,MSM,
02.14.2023 21:00:00,10.64.170.1@BTC_CMG-UP,CPM,
02.14.2023 21:00:00,10.64.170.1@BTC_CMG-UP,MSM,
02.14.2023 21:00:00,10.64.170.1@BTC_CMG-UP,CP-ISA,
02.14.2023 22:00:00,10.34.169.65@CSN3_CMG-CP,CP-ISA,
02.14.2023 22:00:00,10.34.169.65@CSN3_CMG-CP,CPM,
02.14.2023 22:00:00,10.34.169.65@CSN3_CMG-CP,MSM,
02.14.2023 22:00:00,10.34.169.65@CSN3_CMG-CP,GN,18302
02.14.2023 22:00:00,10.34.170.1@CSN3_CMG-UP,CP-ISA,
02.14.2023 22:00:00,10.34.170.1@CSN3_CMG-UP,CPM,
02.14.2023 22:00:00,10.34.170.1@CSN3_CMG-UP,MSM,
02.14.2023 22:00:00,10.64.169.65@BTC_CMG-CP,MSM,
02.14.2023 22:00:00,10.64.169.65@BTC_CMG-CP,CPM,
02.14.2023 22:00:00,10.64.169.65@BTC_CMG-CP,CP-ISA,
02.14.2023 22:00:00,10.64.169.65@BTC_CMG-CP,GN,66944
02.14.2023 22:00:00,10.64.169.65@BTC_CMG-CP,CP-ISA,
02.14.2023 22:00:00,10.64.170.1@BTC_CMG-UP,CP-ISA,
02.14.2023 22:00:00,10.64.170.1@BTC_CMG-UP,MSM,
02.14.2023 22:00:00,10.64.170.1@BTC_CMG-UP,CPM,
02.14.2023 23:00:00,10.34.169.65@CSN3_CMG-CP,GN,14347
02.14.2023 23:00:00,10.34.169.65@CSN3_CMG-CP,MSM,
02.14.2023 23:00:00,10.34.169.65@CSN3_CMG-CP,CPM,
02.14.2023 23:00:00,10.34.169.65@CSN3_CMG-CP,CP-ISA,
02.14.2023 23:00:00,10.34.170.1@CSN3_CMG-UP,MSM,
02.14.2023 23:00:00,10.34.170.1@CSN3_CMG-UP,CPM,
02.14.2023 23:00:00,10.34.170.1@CSN3_CMG-UP,CP-ISA,
02.14.2023 23:00:00,10.64.169.65@BTC_CMG-CP,CPM,
02.14.2023 23:00:00,10.64.169.65@BTC_CMG-CP,GN,53943
02.14.2023 23:00:00,10.64.169.65@BTC_CMG-CP,CP-ISA,
02.14.2023 23:00:00,10.64.169.65@BTC_CMG-CP,MSM,
02.14.2023 23:00:00,10.64.170.1@BTC_CMG-UP,CPM,
02.14.2023 23:00:00,10.64.170.1@BTC_CMG-UP,MSM,
02.14.2023 23:00:00,10.64.170.1@BTC_CMG-UP,CP-ISA,
02.15.2023 00:00:00,10.34.169.65@CSN3_CMG-CP,GN,14241
02.15.2023 00:00:00,10.34.169.65@CSN3_CMG-CP,MSM,
02.15.2023 00:00:00,10.34.169.65@CSN3_CMG-CP,CPM,
02.15.2023 00:00:00,10.34.169.65@CSN3_CMG-CP,CP-ISA,
02.15.2023 00:00:00,10.34.170.1@CSN3_CMG-UP,MSM,
02.15.2023 00:00:00,10.34.170.1@CSN3_CMG-UP,CPM,
02.15.2023 00:00:00,10.34.170.1@CSN3_CMG-UP,CP-ISA,
02.15.2023 00:00:00,10.64.169.65@BTC_CMG-CP,CPM,
02.15.2023 00:00:00,10.64.169.65@BTC_CMG-CP,GN,46593
02.15.2023 00:00:00,10.64.169.65@BTC_CMG-CP,CP-ISA,
02.15.2023 00:00:00,10.64.169.65@BTC_CMG-CP,MSM,
02.15.2023 00:00:00,10.64.170.1@BTC_CMG-UP,CPM,
02.15.2023 00:00:00,10.64.170.1@BTC_CMG-UP,MSM,
02.15.2023 00:00:00,10.64.170.1@BTC_CMG-UP,CP-ISA,
02.15.2023 01:00:00,10.34.169.65@CSN3_CMG-CP,GN,10645
02.15.2023 01:00:00,10.34.169.65@CSN3_CMG-CP,MSM,
02.15.2023 01:00:00,10.34.169.65@CSN3_CMG-CP,CPM,
02.15.2023 01:00:00,10.34.169.65@CSN3_CMG-CP,CP-ISA,
02.15.2023 01:00:00,10.34.170.1@CSN3_CMG-UP,MSM,
02.15.2023 01:00:00,10.34.170.1@CSN3_CMG-UP,CPM,
02.15.2023 01:00:00,10.34.170.1@CSN3_CMG-UP,CP-ISA,
02.15.2023 01:00:00,10.64.169.65@BTC_CMG-CP,CPM,
02.15.2023 01:00:00,10.64.169.65@BTC_CMG-CP,GN,34434
02.15.2023 01:00:00,10.64.169.65@BTC_CMG-CP,CP-ISA,
02.15.2023 01:00:00,10.64.169.65@BTC_CMG-CP,MSM,
02.15.2023 01:00:00,10.64.170.1@BTC_CMG-UP,CPM,
02.15.2023 01:00:00,10.64.170.1@BTC_CMG-UP,MSM,
02.15.2023 01:00:00,10.64.170.1@BTC_CMG-UP,CP-ISA,
02.15.2023 02:00:00,10.34.169.65@CSN3_CMG-CP,GN,10163
02.15.2023 02:00:00,10.34.169.65@CSN3_CMG-CP,MSM,
02.15.2023 02:00:00,10.34.169.65@CSN3_CMG-CP,CPM,
02.15.2023 02:00:00,10.34.169.65@CSN3_CMG-CP,CP-ISA,
02.15.2023 02:00:00,10.34.170.1@CSN3_CMG-UP,MSM,
02.15.2023 02:00:00,10.34.170.1@CSN3_CMG-UP,CPM,
02.15.2023 02:00:00,10.34.170.1@CSN3_CMG-UP,CP-ISA,
02.15.2023 02:00:00,10.64.169.65@BTC_CMG-CP,CPM,
02.15.2023 02:00:00,10.64.169.65@BTC_CMG-CP,GN,31829
02.15.2023 02:00:00,10.64.169.65@BTC_CMG-CP,CP-ISA,
02.15.2023 02:00:00,10.64.169.65@BTC_CMG-CP,MSM,
02.15.2023 02:00:00,10.64.170.1@BTC_CMG-UP,CPM,
02.15.2023 02:00:00,10.64.170.1@BTC_CMG-UP,MSM,
02.15.2023 02:00:00,10.64.170.1@BTC_CMG-UP,CP-ISA,
02.15.2023 03:00:00,10.34.169.65@CSN3_CMG-CP,GN,10321
02.15.2023 03:00:00,10.34.169.65@CSN3_CMG-CP,MSM,
02.15.2023 03:00:00,10.34.169.65@CSN3_CMG-CP,CPM,
02.15.2023 03:00:00,10.34.169.65@CSN3_CMG-CP,CP-ISA,
02.15.2023 03:00:00,10.34.170.1@CSN3_CMG-UP,MSM,
02.15.2023 03:00:00,10.34.170.1@CSN3_CMG-UP,CPM,
02.15.2023 03:00:00,10.34.170.1@CSN3_CMG-UP,CP-ISA,
02.15.2023 03:00:00,10.64.169.65@BTC_CMG-CP,CPM,
02.15.2023 03:00:00,10.64.169.65@BTC_CMG-CP,GN,29347
02.15.2023 03:00:00,10.64.169.65@BTC_CMG-CP,CP-ISA,
02.15.2023 03:00:00,10.64.169.65@BTC_CMG-CP,MSM,
02.15.2023 03:00:00,10.64.170.1@BTC_CMG-UP,CPM,
02.15.2023 03:00:00,10.64.170.1@BTC_CMG-UP,MSM,
02.15.2023 03:00:00,10.64.170.1@BTC_CMG-UP,CP-ISA,
02.15.2023 04:00:00,10.34.169.65@CSN3_CMG-CP,CP-ISA,
02.15.2023 04:00:00,10.34.169.65@CSN3_CMG-CP,CPM,
02.15.2023 04:00:00,10.34.169.65@CSN3_CMG-CP,GN,10060
02.15.2023 04:00:00,10.34.169.65@CSN3_CMG-CP,MSM,
02.15.2023 04:00:00,10.34.170.1@CSN3_CMG-UP,CP-ISA,
02.15.2023 04:00:00,10.34.170.1@CSN3_CMG-UP,CPM,
02.15.2023 04:00:00,10.34.170.1@CSN3_CMG-UP,MSM,
02.15.2023 04:00:00,10.64.169.65@BTC_CMG-CP,MSM,
02.15.2023 04:00:00,10.64.169.65@BTC_CMG-CP,GN,28033
02.15.2023 04:00:00,10.64.169.65@BTC_CMG-CP,CPM,
02.15.2023 04:00:00,10.64.169.65@BTC_CMG-CP,CP-ISA,
02.15.2023 04:00:00,10.64.170.1@BTC_CMG-UP,CPM,
02.15.2023 04:00:00,10.64.170.1@BTC_CMG-UP,CP-ISA,
02.15.2023 04:00:00,10.64.170.1@BTC_CMG-UP,MSM,
02.15.2023 05:00:00,10.34.169.65@CSN3_CMG-CP,GN,10065
02.15.2023 05:00:00,10.34.169.65@CSN3_CMG-CP,MSM,
02.15.2023 05:00:00,10.34.169.65@CSN3_CMG-CP,CPM,
02.15.2023 05:00:00,10.34.169.65@CSN3_CMG-CP,CP-ISA,
02.15.2023 05:00:00,10.34.170.1@CSN3_CMG-UP,MSM,
02.15.2023 05:00:00,10.34.170.1@CSN3_CMG-UP,CPM,
02.15.2023 05:00:00,10.34.170.1@CSN3_CMG-UP,CP-ISA,
02.15.2023 05:00:00,10.64.169.65@BTC_CMG-CP,CPM,
02.15.2023 05:00:00,10.64.169.65@BTC_CMG-CP,GN,28256
02.15.2023 05:00:00,10.64.169.65@BTC_CMG-CP,CP-ISA,
02.15.2023 05:00:00,10.64.169.65@BTC_CMG-CP,MSM,
02.15.2023 05:00:00,10.64.170.1@BTC_CMG-UP,CPM,
02.15.2023 05:00:00,10.64.170.1@BTC_CMG-UP,MSM,
02.15.2023 05:00:00,10.64.170.1@BTC_CMG-UP,CP-ISA,
02.15.2023 06:00:00,10.34.169.65@CSN3_CMG-CP,GN,11262
02.15.2023 06:00:00,10.34.169.65@CSN3_CMG-CP,MSM,
02.15.2023 06:00:00,10.34.169.65@CSN3_CMG-CP,CPM,
02.15.2023 06:00:00,10.34.169.65@CSN3_CMG-CP,CP-ISA,
02.15.2023 06:00:00,10.34.170.1@CSN3_CMG-UP,MSM,
02.15.2023 06:00:00,10.34.170.1@CSN3_CMG-UP,CPM,
02.15.2023 06:00:00,10.34.170.1@CSN3_CMG-UP,CP-ISA,
02.15.2023 06:00:00,10.64.169.65@BTC_CMG-CP,CPM,
02.15.2023 06:00:00,10.64.169.65@BTC_CMG-CP,GN,32643
02.15.2023 06:00:00,10.64.169.65@BTC_CMG-CP,CP-ISA,
02.15.2023 06:00:00,10.64.169.65@BTC_CMG-CP,MSM,
02.15.2023 06:00:00,10.64.170.1@BTC_CMG-UP,CPM,
02.15.2023 06:00:00,10.64.170.1@BTC_CMG-UP,MSM,
02.15.2023 06:00:00,10.64.170.1@BTC_CMG-UP,CP-ISA,
02.15.2023 07:00:00,10.34.169.65@CSN3_CMG-CP,GN,15885
02.15.2023 07:00:00,10.34.169.65@CSN3_CMG-CP,MSM,
02.15.2023 07:00:00,10.34.169.65@CSN3_CMG-CP,CPM,
02.15.2023 07:00:00,10.34.169.65@CSN3_CMG-CP,CP-ISA,
02.15.2023 07:00:00,10.34.170.1@CSN3_CMG-UP,MSM,
02.15.2023 07:00:00,10.34.170.1@CSN3_CMG-UP,CPM,
02.15.2023 07:00:00,10.34.170.1@CSN3_CMG-UP,CP-ISA,
02.15.2023 07:00:00,10.64.169.65@BTC_CMG-CP,CPM,
02.15.2023 07:00:00,10.64.169.65@BTC_CMG-CP,GN,49537
02.15.2023 07:00:00,10.64.169.65@BTC_CMG-CP,CP-ISA,
02.15.2023 07:00:00,10.64.169.65@BTC_CMG-CP,MSM,
02.15.2023 07:00:00,10.64.170.1@BTC_CMG-UP,CPM,
02.15.2023 07:00:00,10.64.170.1@BTC_CMG-UP,MSM,
02.15.2023 07:00:00,10.64.170.1@BTC_CMG-UP,CP-ISA,
02.15.2023 08:00:00,10.34.169.65@CSN3_CMG-CP,GN,19104
02.15.2023 08:00:00,10.34.169.65@CSN3_CMG-CP,MSM,
02.15.2023 08:00:00,10.34.169.65@CSN3_CMG-CP,CPM,
02.15.2023 08:00:00,10.34.169.65@CSN3_CMG-CP,CP-ISA,
02.15.2023 08:00:00,10.34.170.1@CSN3_CMG-UP,MSM,
02.15.2023 08:00:00,10.34.170.1@CSN3_CMG-UP,CPM,
02.15.2023 08:00:00,10.34.170.1@CSN3_CMG-UP,CP-ISA,
02.15.2023 08:00:00,10.64.169.65@BTC_CMG-CP,CPM,
02.15.2023 08:00:00,10.64.169.65@BTC_CMG-CP,GN,61755
02.15.2023 08:00:00,10.64.169.65@BTC_CMG-CP,CP-ISA,
02.15.2023 08:00:00,10.64.169.65@BTC_CMG-CP,MSM,
02.15.2023 08:00:00,10.64.170.1@BTC_CMG-UP,CPM,
02.15.2023 08:00:00,10.64.170.1@BTC_CMG-UP,MSM,
02.15.2023 08:00:00,10.64.170.1@BTC_CMG-UP,CP-ISA,
02.15.2023 09:00:00,10.34.169.65@CSN3_CMG-CP,MSM,
02.15.2023 09:00:00,10.34.169.65@CSN3_CMG-CP,GN,20108
02.15.2023 09:00:00,10.34.169.65@CSN3_CMG-CP,CPM,
02.15.2023 09:00:00,10.34.169.65@CSN3_CMG-CP,CP-ISA,
02.15.2023 09:00:00,10.34.170.1@CSN3_CMG-UP,CP-ISA,
02.15.2023 09:00:00,10.34.170.1@CSN3_CMG-UP,CPM,
02.15.2023 09:00:00,10.34.170.1@CSN3_CMG-UP,MSM,
02.15.2023 09:00:00,10.64.169.65@BTC_CMG-CP,CPM,
02.15.2023 09:00:00,10.64.169.65@BTC_CMG-CP,MSM,
02.15.2023 09:00:00,10.64.169.65@BTC_CMG-CP,GN,71615
02.15.2023 09:00:00,10.64.169.65@BTC_CMG-CP,CP-ISA,
02.15.2023 09:00:00,10.64.170.1@BTC_CMG-UP,MSM,
02.15.2023 09:00:00,10.64.170.1@BTC_CMG-UP,CPM,
02.15.2023 09:00:00,10.64.170.1@BTC_CMG-UP,CP-ISA,
02.15.2023 10:00:00,10.34.169.65@CSN3_CMG-CP,CP-ISA,
02.15.2023 10:00:00,10.34.169.65@CSN3_CMG-CP,MSM,
02.15.2023 10:00:00,10.34.169.65@CSN3_CMG-CP,GN,21583
02.15.2023 10:00:00,10.34.169.65@CSN3_CMG-CP,CPM,
02.15.2023 10:00:00,10.34.170.1@CSN3_CMG-UP,CP-ISA,
02.15.2023 10:00:00,10.34.170.1@CSN3_CMG-UP,CPM,
02.15.2023 10:00:00,10.34.170.1@CSN3_CMG-UP,MSM,
02.15.2023 10:00:00,10.64.169.65@BTC_CMG-CP,CP-ISA,
02.15.2023 10:00:00,10.64.169.65@BTC_CMG-CP,CPM,
02.15.2023 10:00:00,10.64.169.65@BTC_CMG-CP,GN,81761
02.15.2023 10:00:00,10.64.169.65@BTC_CMG-CP,MSM,
02.15.2023 10:00:00,10.64.170.1@BTC_CMG-UP,CP-ISA,
02.15.2023 10:00:00,10.64.170.1@BTC_CMG-UP,CPM,
02.15.2023 10:00:00,10.64.170.1@BTC_CMG-UP,MSM,
02.15.2023 11:00:00,10.34.169.65@CSN3_CMG-CP,GN,22467
02.15.2023 11:00:00,10.34.169.65@CSN3_CMG-CP,MSM,
02.15.2023 11:00:00,10.34.169.65@CSN3_CMG-CP,CPM,
02.15.2023 11:00:00,10.34.169.65@CSN3_CMG-CP,CP-ISA,
02.15.2023 11:00:00,10.34.170.1@CSN3_CMG-UP,MSM,
02.15.2023 11:00:00,10.34.170.1@CSN3_CMG-UP,CPM,
02.15.2023 11:00:00,10.34.170.1@CSN3_CMG-UP,CP-ISA,
02.15.2023 11:00:00,10.64.169.65@BTC_CMG-CP,CPM,
02.15.2023 11:00:00,10.64.169.65@BTC_CMG-CP,GN,86408
02.15.2023 11:00:00,10.64.169.65@BTC_CMG-CP,CP-ISA,
02.15.2023 11:00:00,10.64.169.65@BTC_CMG-CP,MSM,
02.15.2023 11:00:00,10.64.170.1@BTC_CMG-UP,CPM,
02.15.2023 11:00:00,10.64.170.1@BTC_CMG-UP,MSM,
02.15.2023 11:00:00,10.64.170.1@BTC_CMG-UP,CP-ISA,
02.15.2023 12:00:00,10.34.169.65@CSN3_CMG-CP,GN,23729
02.15.2023 12:00:00,10.34.169.65@CSN3_CMG-CP,MSM,
02.15.2023 12:00:00,10.34.169.65@CSN3_CMG-CP,CPM,
02.15.2023 12:00:00,10.34.169.65@CSN3_CMG-CP,CP-ISA,
02.15.2023 12:00:00,10.34.170.1@CSN3_CMG-UP,MSM,
02.15.2023 12:00:00,10.34.170.1@CSN3_CMG-UP,CPM,
02.15.2023 12:00:00,10.34.170.1@CSN3_CMG-UP,CP-ISA,
02.15.2023 12:00:00,10.64.169.65@BTC_CMG-CP,CPM,
02.15.2023 12:00:00,10.64.169.65@BTC_CMG-CP,GN,90883
02.15.2023 12:00:00,10.64.169.65@BTC_CMG-CP,CP-ISA,
02.15.2023 12:00:00,10.64.169.65@BTC_CMG-CP,MSM,
02.15.2023 12:00:00,10.64.170.1@BTC_CMG-UP,CPM,
02.15.2023 12:00:00,10.64.170.1@BTC_CMG-UP,MSM,
02.15.2023 12:00:00,10.64.170.1@BTC_CMG-UP,CP-ISA,
02.15.2023 13:00:00,10.34.169.65@CSN3_CMG-CP,CPM,
02.15.2023 13:00:00,10.34.169.65@CSN3_CMG-CP,CP-ISA,
02.15.2023 13:00:00,10.34.169.65@CSN3_CMG-CP,MSM,
02.15.2023 13:00:00,10.34.169.65@CSN3_CMG-CP,GN,22955
02.15.2023 13:00:00,10.34.170.1@CSN3_CMG-UP,CPM,
02.15.2023 13:00:00,10.34.170.1@CSN3_CMG-UP,MSM,
02.15.2023 13:00:00,10.34.170.1@CSN3_CMG-UP,CP-ISA,
02.15.2023 13:00:00,10.64.169.65@BTC_CMG-CP,MSM,
02.15.2023 13:00:00,10.64.169.65@BTC_CMG-CP,CPM,
02.15.2023 13:00:00,10.64.169.65@BTC_CMG-CP,CP-ISA,
02.15.2023 13:00:00,10.64.169.65@BTC_CMG-CP,GN,91258
02.15.2023 13:00:00,10.64.170.1@BTC_CMG-UP,MSM,
02.15.2023 13:00:00,10.64.170.1@BTC_CMG-UP,CP-ISA,
02.15.2023 13:00:00,10.64.170.1@BTC_CMG-UP,CPM,
02.15.2023 14:00:00,10.34.169.65@CSN3_CMG-CP,GN,23769
02.15.2023 14:00:00,10.34.169.65@CSN3_CMG-CP,MSM,
02.15.2023 14:00:00,10.34.169.65@CSN3_CMG-CP,CPM,
02.15.2023 14:00:00,10.34.169.65@CSN3_CMG-CP,CP-ISA,
02.15.2023 14:00:00,10.34.170.1@CSN3_CMG-UP,MSM,
02.15.2023 14:00:00,10.34.170.1@CSN3_CMG-UP,CPM,
02.15.2023 14:00:00,10.34.170.1@CSN3_CMG-UP,CP-ISA,
02.15.2023 14:00:00,10.64.169.65@BTC_CMG-CP,CPM,
02.15.2023 14:00:00,10.64.169.65@BTC_CMG-CP,GN,90594
02.15.2023 14:00:00,10.64.169.65@BTC_CMG-CP,CP-ISA,
02.15.2023 14:00:00,10.64.169.65@BTC_CMG-CP,MSM,
02.15.2023 14:00:00,10.64.170.1@BTC_CMG-UP,CPM,
02.15.2023 14:00:00,10.64.170.1@BTC_CMG-UP,MSM,
02.15.2023 14:00:00,10.64.170.1@BTC_CMG-UP,CP-ISA,
02.15.2023 15:00:00,10.34.169.65@CSN3_CMG-CP,GN,22469
02.15.2023 15:00:00,10.34.169.65@CSN3_CMG-CP,MSM,
02.15.2023 15:00:00,10.34.169.65@CSN3_CMG-CP,CPM,
02.15.2023 15:00:00,10.34.169.65@CSN3_CMG-CP,CP-ISA,
02.15.2023 15:00:00,10.34.170.1@CSN3_CMG-UP,MSM,
02.15.2023 15:00:00,10.34.170.1@CSN3_CMG-UP,CPM,
02.15.2023 15:00:00,10.34.170.1@CSN3_CMG-UP,CP-ISA,
02.15.2023 15:00:00,10.64.169.65@BTC_CMG-CP,CPM,
02.15.2023 15:00:00,10.64.169.65@BTC_CMG-CP,GN,87278
02.15.2023 15:00:00,10.64.169.65@BTC_CMG-CP,CP-ISA,
02.15.2023 15:00:00,10.64.169.65@BTC_CMG-CP,MSM,
02.15.2023 15:00:00,10.64.170.1@BTC_CMG-UP,CPM,
02.15.2023 15:00:00,10.64.170.1@BTC_CMG-UP,MSM,
02.15.2023 15:00:00,10.64.170.1@BTC_CMG-UP,CP-ISA,
02.15.2023 16:00:00,10.34.169.65@CSN3_CMG-CP,GN,21968
02.15.2023 16:00:00,10.34.169.65@CSN3_CMG-CP,MSM,
02.15.2023 16:00:00,10.34.169.65@CSN3_CMG-CP,CPM,
02.15.2023 16:00:00,10.34.169.65@CSN3_CMG-CP,CP-ISA,
02.15.2023 16:00:00,10.34.170.1@CSN3_CMG-UP,MSM,
02.15.2023 16:00:00,10.34.170.1@CSN3_CMG-UP,CPM,
02.15.2023 16:00:00,10.34.170.1@CSN3_CMG-UP,CP-ISA,
02.15.2023 16:00:00,10.64.169.65@BTC_CMG-CP,CPM,
02.15.2023 16:00:00,10.64.169.65@BTC_CMG-CP,GN,87793
02.15.2023 16:00:00,10.64.169.65@BTC_CMG-CP,CP-ISA,
02.15.2023 16:00:00,10.64.169.65@BTC_CMG-CP,MSM,
02.15.2023 16:00:00,10.64.170.1@BTC_CMG-UP,CPM,
02.15.2023 16:00:00,10.64.170.1@BTC_CMG-UP,MSM,
02.15.2023 16:00:00,10.64.170.1@BTC_CMG-UP,CP-ISA,
02.15.2023 17:00:00,10.34.169.65@CSN3_CMG-CP,GN,22189
02.15.2023 17:00:00,10.34.169.65@CSN3_CMG-CP,MSM,
02.15.2023 17:00:00,10.34.169.65@CSN3_CMG-CP,CPM,
02.15.2023 17:00:00,10.34.169.65@CSN3_CMG-CP,CP-ISA,
02.15.2023 17:00:00,10.34.170.1@CSN3_CMG-UP,MSM,
02.15.2023 17:00:00,10.34.170.1@CSN3_CMG-UP,CPM,
02.15.2023 17:00:00,10.34.170.1@CSN3_CMG-UP,CP-ISA,
02.15.2023 17:00:00,10.64.169.65@BTC_CMG-CP,CPM,
02.15.2023 17:00:00,10.64.169.65@BTC_CMG-CP,GN,89955
02.15.2023 17:00:00,10.64.169.65@BTC_CMG-CP,CP-ISA,
02.15.2023 17:00:00,10.64.169.65@BTC_CMG-CP,MSM,
02.15.2023 17:00:00,10.64.170.1@BTC_CMG-UP,CPM,
02.15.2023 17:00:00,10.64.170.1@BTC_CMG-UP,MSM,
02.15.2023 17:00:00,10.64.170.1@BTC_CMG-UP,CP-ISA,
02.15.2023 18:00:00,10.34.169.65@CSN3_CMG-CP,CPM,
02.15.2023 18:00:00,10.34.169.65@CSN3_CMG-CP,CP-ISA,
02.15.2023 18:00:00,10.34.169.65@CSN3_CMG-CP,MSM,
02.15.2023 18:00:00,10.34.169.65@CSN3_CMG-CP,GN,24178
02.15.2023 18:00:00,10.34.170.1@CSN3_CMG-UP,MSM,
02.15.2023 18:00:00,10.34.170.1@CSN3_CMG-UP,CPM,
02.15.2023 18:00:00,10.34.170.1@CSN3_CMG-UP,CP-ISA,
02.15.2023 18:00:00,10.64.169.65@BTC_CMG-CP,CP-ISA,
02.15.2023 18:00:00,10.64.169.65@BTC_CMG-CP,MSM,
02.15.2023 18:00:00,10.64.169.65@BTC_CMG-CP,CPM,
02.15.2023 18:00:00,10.64.169.65@BTC_CMG-CP,GN,92448
02.15.2023 18:00:00,10.64.170.1@BTC_CMG-UP,CPM,
02.15.2023 18:00:00,10.64.170.1@BTC_CMG-UP,CP-ISA,
02.15.2023 18:00:00,10.64.170.1@BTC_CMG-UP,MSM,
02.15.2023 19:00:00,10.34.169.65@CSN3_CMG-CP,GN,22113
02.15.2023 19:00:00,10.34.169.65@CSN3_CMG-CP,MSM,
02.15.2023 19:00:00,10.34.169.65@CSN3_CMG-CP,CPM,
02.15.2023 19:00:00,10.34.169.65@CSN3_CMG-CP,CP-ISA,
02.15.2023 19:00:00,10.34.170.1@CSN3_CMG-UP,MSM,
02.15.2023 19:00:00,10.34.170.1@CSN3_CMG-UP,CPM,
02.15.2023 19:00:00,10.34.170.1@CSN3_CMG-UP,CP-ISA,
02.15.2023 19:00:00,10.64.169.65@BTC_CMG-CP,CPM,
02.15.2023 19:00:00,10.64.169.65@BTC_CMG-CP,GN,88811
02.15.2023 19:00:00,10.64.169.65@BTC_CMG-CP,CP-ISA,
02.15.2023 19:00:00,10.64.169.65@BTC_CMG-CP,MSM,
02.15.2023 19:00:00,10.64.170.1@BTC_CMG-UP,CPM,
02.15.2023 19:00:00,10.64.170.1@BTC_CMG-UP,MSM,
02.15.2023 19:00:00,10.64.170.1@BTC_CMG-UP,CP-ISA,
02.15.2023 20:00:00,10.34.169.65@CSN3_CMG-CP,GN,19563
02.15.2023 20:00:00,10.34.169.65@CSN3_CMG-CP,MSM,
02.15.2023 20:00:00,10.34.169.65@CSN3_CMG-CP,CPM,
02.15.2023 20:00:00,10.34.169.65@CSN3_CMG-CP,CP-ISA,
02.15.2023 20:00:00,10.34.170.1@CSN3_CMG-UP,MSM,
02.15.2023 20:00:00,10.34.170.1@CSN3_CMG-UP,CPM,
02.15.2023 20:00:00,10.34.170.1@CSN3_CMG-UP,CP-ISA,
02.15.2023 20:00:00,10.64.169.65@BTC_CMG-CP,CPM,
02.15.2023 20:00:00,10.64.169.65@BTC_CMG-CP,GN,79550
02.15.2023 20:00:00,10.64.169.65@BTC_CMG-CP,CP-ISA,
02.15.2023 20:00:00,10.64.169.65@BTC_CMG-CP,MSM,
02.15.2023 20:00:00,10.64.170.1@BTC_CMG-UP,CPM,
02.15.2023 20:00:00,10.64.170.1@BTC_CMG-UP,MSM,
02.15.2023 20:00:00,10.64.170.1@BTC_CMG-UP,CP-ISA,
02.15.2023 21:00:00,10.34.169.65@CSN3_CMG-CP,GN,18381
02.15.2023 21:00:00,10.34.169.65@CSN3_CMG-CP,MSM,
02.15.2023 21:00:00,10.34.169.65@CSN3_CMG-CP,CPM,
02.15.2023 21:00:00,10.34.169.65@CSN3_CMG-CP,CP-ISA,
02.15.2023 21:00:00,10.34.170.1@CSN3_CMG-UP,MSM,
02.15.2023 21:00:00,10.34.170.1@CSN3_CMG-UP,CPM,
02.15.2023 21:00:00,10.34.170.1@CSN3_CMG-UP,CP-ISA,
02.15.2023 21:00:00,10.64.169.65@BTC_CMG-CP,CPM,
02.15.2023 21:00:00,10.64.169.65@BTC_CMG-CP,GN,73534
02.15.2023 21:00:00,10.64.169.65@BTC_CMG-CP,CP-ISA,
02.15.2023 21:00:00,10.64.169.65@BTC_CMG-CP,MSM,
02.15.2023 21:00:00,10.64.170.1@BTC_CMG-UP,CPM,
02.15.2023 21:00:00,10.64.170.1@BTC_CMG-UP,MSM,
02.15.2023 21:00:00,10.64.170.1@BTC_CMG-UP,CP-ISA,
02.15.2023 22:00:00,10.34.169.65@CSN3_CMG-CP,CP-ISA,
02.15.2023 22:00:00,10.34.169.65@CSN3_CMG-CP,MSM,
02.15.2023 22:00:00,10.34.169.65@CSN3_CMG-CP,GN,16422
02.15.2023 22:00:00,10.34.169.65@CSN3_CMG-CP,CPM,
02.15.2023 22:00:00,10.34.170.1@CSN3_CMG-UP,MSM,
02.15.2023 22:00:00,10.34.170.1@CSN3_CMG-UP,CP-ISA,
02.15.2023 22:00:00,10.34.170.1@CSN3_CMG-UP,CPM,
02.15.2023 22:00:00,10.64.169.65@BTC_CMG-CP,CP-ISA,
02.15.2023 22:00:00,10.64.169.65@BTC_CMG-CP,GN,63926
02.15.2023 22:00:00,10.64.169.65@BTC_CMG-CP,MSM,
02.15.2023 22:00:00,10.64.169.65@BTC_CMG-CP,CPM,
02.15.2023 22:00:00,10.64.170.1@BTC_CMG-UP,MSM,
02.15.2023 22:00:00,10.64.170.1@BTC_CMG-UP,CP-ISA,
02.15.2023 22:00:00,10.64.170.1@BTC_CMG-UP,CPM,
02.15.2023 23:00:00,10.34.169.65@CSN3_CMG-CP,GN,14088
02.15.2023 23:00:00,10.34.169.65@CSN3_CMG-CP,MSM,
02.15.2023 23:00:00,10.34.169.65@CSN3_CMG-CP,CPM,
02.15.2023 23:00:00,10.34.169.65@CSN3_CMG-CP,CP-ISA,
02.15.2023 23:00:00,10.34.170.1@CSN3_CMG-UP,MSM,
02.15.2023 23:00:00,10.34.170.1@CSN3_CMG-UP,CPM,
02.15.2023 23:00:00,10.34.170.1@CSN3_CMG-UP,CP-ISA,
02.15.2023 23:00:00,10.64.169.65@BTC_CMG-CP,CPM,
02.15.2023 23:00:00,10.64.169.65@BTC_CMG-CP,GN,51437
02.15.2023 23:00:00,10.64.169.65@BTC_CMG-CP,CP-ISA,
02.15.2023 23:00:00,10.64.169.65@BTC_CMG-CP,MSM,
02.15.2023 23:00:00,10.64.170.1@BTC_CMG-UP,CPM,
02.15.2023 23:00:00,10.64.170.1@BTC_CMG-UP,MSM,
02.15.2023 23:00:00,10.64.170.1@BTC_CMG-UP,CP-ISA,
02.16.2023 00:00:00,10.34.169.65@CSN3_CMG-CP,GN,13236
02.16.2023 00:00:00,10.34.169.65@CSN3_CMG-CP,MSM,
02.16.2023 00:00:00,10.34.169.65@CSN3_CMG-CP,CPM,
02.16.2023 00:00:00,10.34.169.65@CSN3_CMG-CP,CP-ISA,
02.16.2023 00:00:00,10.34.170.1@CSN3_CMG-UP,MSM,
02.16.2023 00:00:00,10.34.170.1@CSN3_CMG-UP,CPM,
02.16.2023 00:00:00,10.34.170.1@CSN3_CMG-UP,CP-ISA,
02.16.2023 00:00:00,10.64.169.65@BTC_CMG-CP,CPM,
02.16.2023 00:00:00,10.64.169.65@BTC_CMG-CP,GN,42270
02.16.2023 00:00:00,10.64.169.65@BTC_CMG-CP,CP-ISA,
02.16.2023 00:00:00,10.64.169.65@BTC_CMG-CP,MSM,
02.16.2023 00:00:00,10.64.170.1@BTC_CMG-UP,CPM,
02.16.2023 00:00:00,10.64.170.1@BTC_CMG-UP,MSM,
02.16.2023 00:00:00,10.64.170.1@BTC_CMG-UP,CP-ISA,
02.16.2023 01:00:00,10.34.169.65@CSN3_CMG-CP,GN,10212
02.16.2023 01:00:00,10.34.169.65@CSN3_CMG-CP,MSM,
02.16.2023 01:00:00,10.34.169.65@CSN3_CMG-CP,CPM,
02.16.2023 01:00:00,10.34.169.65@CSN3_CMG-CP,CP-ISA,
02.16.2023 01:00:00,10.34.170.1@CSN3_CMG-UP,MSM,
02.16.2023 01:00:00,10.34.170.1@CSN3_CMG-UP,CPM,
02.16.2023 01:00:00,10.34.170.1@CSN3_CMG-UP,CP-ISA,
02.16.2023 01:00:00,10.64.169.65@BTC_CMG-CP,CPM,
02.16.2023 01:00:00,10.64.169.65@BTC_CMG-CP,GN,32618
02.16.2023 01:00:00,10.64.169.65@BTC_CMG-CP,CP-ISA,
02.16.2023 01:00:00,10.64.169.65@BTC_CMG-CP,MSM,
02.16.2023 01:00:00,10.64.170.1@BTC_CMG-UP,CPM,
02.16.2023 01:00:00,10.64.170.1@BTC_CMG-UP,MSM,
02.16.2023 01:00:00,10.64.170.1@BTC_CMG-UP,CP-ISA,
02.16.2023 02:00:00,10.34.169.65@CSN3_CMG-CP,GN,9968
02.16.2023 02:00:00,10.34.169.65@CSN3_CMG-CP,MSM,
02.16.2023 02:00:00,10.34.169.65@CSN3_CMG-CP,CPM,
02.16.2023 02:00:00,10.34.169.65@CSN3_CMG-CP,CP-ISA,
02.16.2023 02:00:00,10.34.170.1@CSN3_CMG-UP,MSM,
02.16.2023 02:00:00,10.34.170.1@CSN3_CMG-UP,CPM,
02.16.2023 02:00:00,10.34.170.1@CSN3_CMG-UP,CP-ISA,
02.16.2023 02:00:00,10.64.169.65@BTC_CMG-CP,CPM,
02.16.2023 02:00:00,10.64.169.65@BTC_CMG-CP,GN,32020
02.16.2023 02:00:00,10.64.169.65@BTC_CMG-CP,CP-ISA,
02.16.2023 02:00:00,10.64.169.65@BTC_CMG-CP,MSM,
02.16.2023 02:00:00,10.64.170.1@BTC_CMG-UP,CPM,
02.16.2023 02:00:00,10.64.170.1@BTC_CMG-UP,MSM,
02.16.2023 02:00:00,10.64.170.1@BTC_CMG-UP,CP-ISA,
02.16.2023 03:00:00,10.34.169.65@CSN3_CMG-CP,GN,10812
02.16.2023 03:00:00,10.34.169.65@CSN3_CMG-CP,MSM,
02.16.2023 03:00:00,10.34.169.65@CSN3_CMG-CP,CPM,
02.16.2023 03:00:00,10.34.169.65@CSN3_CMG-CP,CP-ISA,
02.16.2023 03:00:00,10.34.170.1@CSN3_CMG-UP,MSM,
02.16.2023 03:00:00,10.34.170.1@CSN3_CMG-UP,CPM,
02.16.2023 03:00:00,10.34.170.1@CSN3_CMG-UP,CP-ISA,
02.16.2023 03:00:00,10.64.169.65@BTC_CMG-CP,CPM,
02.16.2023 03:00:00,10.64.169.65@BTC_CMG-CP,GN,30570
02.16.2023 03:00:00,10.64.169.65@BTC_CMG-CP,CP-ISA,
02.16.2023 03:00:00,10.64.169.65@BTC_CMG-CP,MSM,
02.16.2023 03:00:00,10.64.170.1@BTC_CMG-UP,CPM,
02.16.2023 03:00:00,10.64.170.1@BTC_CMG-UP,MSM,
02.16.2023 03:00:00,10.64.170.1@BTC_CMG-UP,CP-ISA,
02.16.2023 04:00:00,10.34.169.65@CSN3_CMG-CP,CP-ISA,
02.16.2023 04:00:00,10.34.169.65@CSN3_CMG-CP,CPM,
02.16.2023 04:00:00,10.34.169.65@CSN3_CMG-CP,GN,10139
02.16.2023 04:00:00,10.34.169.65@CSN3_CMG-CP,MSM,
02.16.2023 04:00:00,10.34.170.1@CSN3_CMG-UP,CP-ISA,
02.16.2023 04:00:00,10.34.170.1@CSN3_CMG-UP,CPM,
02.16.2023 04:00:00,10.34.170.1@CSN3_CMG-UP,MSM,
02.16.2023 04:00:00,10.64.169.65@BTC_CMG-CP,MSM,
02.16.2023 04:00:00,10.64.169.65@BTC_CMG-CP,GN,27146
02.16.2023 04:00:00,10.64.169.65@BTC_CMG-CP,CPM,
02.16.2023 04:00:00,10.64.169.65@BTC_CMG-CP,CP-ISA,
02.16.2023 04:00:00,10.64.170.1@BTC_CMG-UP,CPM,
02.16.2023 04:00:00,10.64.170.1@BTC_CMG-UP,CP-ISA,
02.16.2023 04:00:00,10.64.170.1@BTC_CMG-UP,MSM,
02.16.2023 05:00:00,10.34.169.65@CSN3_CMG-CP,GN,9832
02.16.2023 05:00:00,10.34.169.65@CSN3_CMG-CP,MSM,
02.16.2023 05:00:00,10.34.169.65@CSN3_CMG-CP,CPM,
02.16.2023 05:00:00,10.34.169.65@CSN3_CMG-CP,CP-ISA,
02.16.2023 05:00:00,10.34.170.1@CSN3_CMG-UP,MSM,
02.16.2023 05:00:00,10.34.170.1@CSN3_CMG-UP,CPM,
02.16.2023 05:00:00,10.34.170.1@CSN3_CMG-UP,CP-ISA,
02.16.2023 05:00:00,10.64.169.65@BTC_CMG-CP,CPM,
02.16.2023 05:00:00,10.64.169.65@BTC_CMG-CP,GN,26500
02.16.2023 05:00:00,10.64.169.65@BTC_CMG-CP,CP-ISA,
02.16.2023 05:00:00,10.64.169.65@BTC_CMG-CP,MSM,
02.16.2023 05:00:00,10.64.170.1@BTC_CMG-UP,CPM,
02.16.2023 05:00:00,10.64.170.1@BTC_CMG-UP,MSM,
02.16.2023 05:00:00,10.64.170.1@BTC_CMG-UP,CP-ISA,
02.16.2023 06:00:00,10.34.169.65@CSN3_CMG-CP,GN,11464
02.16.2023 06:00:00,10.34.169.65@CSN3_CMG-CP,MSM,
02.16.2023 06:00:00,10.34.169.65@CSN3_CMG-CP,CPM,
02.16.2023 06:00:00,10.34.169.65@CSN3_CMG-CP,CP-ISA,
02.16.2023 06:00:00,10.34.170.1@CSN3_CMG-UP,MSM,
02.16.2023 06:00:00,10.34.170.1@CSN3_CMG-UP,CPM,
02.16.2023 06:00:00,10.34.170.1@CSN3_CMG-UP,CP-ISA,
02.16.2023 06:00:00,10.64.169.65@BTC_CMG-CP,CPM,
02.16.2023 06:00:00,10.64.169.65@BTC_CMG-CP,GN,31579
02.16.2023 06:00:00,10.64.169.65@BTC_CMG-CP,CP-ISA,
02.16.2023 06:00:00,10.64.169.65@BTC_CMG-CP,MSM,
02.16.2023 06:00:00,10.64.170.1@BTC_CMG-UP,CPM,
02.16.2023 06:00:00,10.64.170.1@BTC_CMG-UP,MSM,
02.16.2023 06:00:00,10.64.170.1@BTC_CMG-UP,CP-ISA,
02.16.2023 07:00:00,10.34.169.65@CSN3_CMG-CP,CP-ISA,
02.16.2023 07:00:00,10.34.169.65@CSN3_CMG-CP,CPM,
02.16.2023 07:00:00,10.34.169.65@CSN3_CMG-CP,GN,15699
02.16.2023 07:00:00,10.34.169.65@CSN3_CMG-CP,MSM,
02.16.2023 07:00:00,10.34.170.1@CSN3_CMG-UP,CP-ISA,
02.16.2023 07:00:00,10.34.170.1@CSN3_CMG-UP,CPM,
02.16.2023 07:00:00,10.34.170.1@CSN3_CMG-UP,MSM,
02.16.2023 07:00:00,10.64.169.65@BTC_CMG-CP,CP-ISA,
02.16.2023 07:00:00,10.64.169.65@BTC_CMG-CP,CPM,
02.16.2023 07:00:00,10.64.169.65@BTC_CMG-CP,GN,48834
02.16.2023 07:00:00,10.64.169.65@BTC_CMG-CP,MSM,
02.16.2023 07:00:00,10.64.170.1@BTC_CMG-UP,CP-ISA,
02.16.2023 07:00:00,10.64.170.1@BTC_CMG-UP,MSM,
02.16.2023 07:00:00,10.64.170.1@BTC_CMG-UP,CPM,
02.16.2023 08:00:00,10.34.169.65@CSN3_CMG-CP,GN,19708
02.16.2023 08:00:00,10.34.169.65@CSN3_CMG-CP,MSM,
02.16.2023 08:00:00,10.34.169.65@CSN3_CMG-CP,CPM,
02.16.2023 08:00:00,10.34.169.65@CSN3_CMG-CP,CP-ISA,
02.16.2023 08:00:00,10.34.170.1@CSN3_CMG-UP,MSM,
02.16.2023 08:00:00,10.34.170.1@CSN3_CMG-UP,CPM,
02.16.2023 08:00:00,10.34.170.1@CSN3_CMG-UP,CP-ISA,
02.16.2023 08:00:00,10.64.169.65@BTC_CMG-CP,CPM,
02.16.2023 08:00:00,10.64.169.65@BTC_CMG-CP,GN,64045
02.16.2023 08:00:00,10.64.169.65@BTC_CMG-CP,CP-ISA,
02.16.2023 08:00:00,10.64.169.65@BTC_CMG-CP,MSM,
02.16.2023 08:00:00,10.64.170.1@BTC_CMG-UP,CPM,
02.16.2023 08:00:00,10.64.170.1@BTC_CMG-UP,MSM,
02.16.2023 08:00:00,10.64.170.1@BTC_CMG-UP,CP-ISA,
02.16.2023 09:00:00,10.34.169.65@CSN3_CMG-CP,MSM,
02.16.2023 09:00:00,10.34.169.65@CSN3_CMG-CP,GN,21824
02.16.2023 09:00:00,10.34.169.65@CSN3_CMG-CP,CPM,
02.16.2023 09:00:00,10.34.169.65@CSN3_CMG-CP,CP-ISA,
02.16.2023 09:00:00,10.34.170.1@CSN3_CMG-UP,CP-ISA,
02.16.2023 09:00:00,10.34.170.1@CSN3_CMG-UP,CPM,
02.16.2023 09:00:00,10.34.170.1@CSN3_CMG-UP,MSM,
02.16.2023 09:00:00,10.64.169.65@BTC_CMG-CP,CPM,
02.16.2023 09:00:00,10.64.169.65@BTC_CMG-CP,MSM,
02.16.2023 09:00:00,10.64.169.65@BTC_CMG-CP,GN,75789
02.16.2023 09:00:00,10.64.169.65@BTC_CMG-CP,CP-ISA,
02.16.2023 09:00:00,10.64.170.1@BTC_CMG-UP,MSM,
02.16.2023 09:00:00,10.64.170.1@BTC_CMG-UP,CPM,
02.16.2023 09:00:00,10.64.170.1@BTC_CMG-UP,CP-ISA,
02.16.2023 10:00:00,10.34.169.65@CSN3_CMG-CP,GN,22572
02.16.2023 10:00:00,10.34.169.65@CSN3_CMG-CP,MSM,
02.16.2023 10:00:00,10.34.169.65@CSN3_CMG-CP,CPM,
02.16.2023 10:00:00,10.34.169.65@CSN3_CMG-CP,CP-ISA,
02.16.2023 10:00:00,10.34.170.1@CSN3_CMG-UP,MSM,
02.16.2023 10:00:00,10.34.170.1@CSN3_CMG-UP,CPM,
02.16.2023 10:00:00,10.34.170.1@CSN3_CMG-UP,CP-ISA,
02.16.2023 10:00:00,10.64.169.65@BTC_CMG-CP,CPM,
02.16.2023 10:00:00,10.64.169.65@BTC_CMG-CP,GN,85785
02.16.2023 10:00:00,10.64.169.65@BTC_CMG-CP,CP-ISA,
02.16.2023 10:00:00,10.64.169.65@BTC_CMG-CP,MSM,
02.16.2023 10:00:00,10.64.170.1@BTC_CMG-UP,CPM,
02.16.2023 10:00:00,10.64.170.1@BTC_CMG-UP,MSM,
02.16.2023 10:00:00,10.64.170.1@BTC_CMG-UP,CP-ISA,
02.16.2023 11:00:00,10.34.169.65@CSN3_CMG-CP,GN,92520
02.16.2023 11:00:00,10.34.169.65@CSN3_CMG-CP,MSM,
02.16.2023 11:00:00,10.34.169.65@CSN3_CMG-CP,CPM,
02.16.2023 11:00:00,10.34.169.65@CSN3_CMG-CP,CP-ISA,
02.16.2023 11:00:00,10.34.170.1@CSN3_CMG-UP,MSM,
02.16.2023 11:00:00,10.34.170.1@CSN3_CMG-UP,CPM,
02.16.2023 11:00:00,10.34.170.1@CSN3_CMG-UP,CP-ISA,
02.16.2023 11:00:00,10.64.169.65@BTC_CMG-CP,CPM,
02.16.2023 11:00:00,10.64.169.65@BTC_CMG-CP,GN,615104
02.16.2023 11:00:00,10.64.169.65@BTC_CMG-CP,CP-ISA,
02.16.2023 11:00:00,10.64.169.65@BTC_CMG-CP,MSM,
02.16.2023 11:00:00,10.64.170.1@BTC_CMG-UP,CPM,
02.16.2023 11:00:00,10.64.170.1@BTC_CMG-UP,MSM,
02.16.2023 11:00:00,10.64.170.1@BTC_CMG-UP,CP-ISA,
02.16.2023 12:00:00,10.34.169.65@CSN3_CMG-CP,CPM,
02.16.2023 12:00:00,10.34.169.65@CSN3_CMG-CP,MSM,
02.16.2023 12:00:00,10.34.169.65@CSN3_CMG-CP,GN,24335
02.16.2023 12:00:00,10.34.169.65@CSN3_CMG-CP,CP-ISA,
02.16.2023 12:00:00,10.34.170.1@CSN3_CMG-UP,CPM,
02.16.2023 12:00:00,10.34.170.1@CSN3_CMG-UP,MSM,
02.16.2023 12:00:00,10.34.170.1@CSN3_CMG-UP,CP-ISA,
02.16.2023 12:00:00,10.64.169.65@BTC_CMG-CP,MSM,
02.16.2023 12:00:00,10.64.169.65@BTC_CMG-CP,GN,85414
02.16.2023 12:00:00,10.64.169.65@BTC_CMG-CP,CPM,
02.16.2023 12:00:00,10.64.169.65@BTC_CMG-CP,CP-ISA,
02.16.2023 12:00:00,10.64.170.1@BTC_CMG-UP,CP-ISA,
02.16.2023 12:00:00,10.64.170.1@BTC_CMG-UP,CPM,
02.16.2023 12:00:00,10.64.170.1@BTC_CMG-UP,MSM,
02.16.2023 13:00:00,10.34.169.65@CSN3_CMG-CP,GN,15358
02.16.2023 13:00:00,10.34.169.65@CSN3_CMG-CP,MSM,
02.16.2023 13:00:00,10.34.169.65@CSN3_CMG-CP,CPM,
02.16.2023 13:00:00,10.34.169.65@CSN3_CMG-CP,CP-ISA,
02.16.2023 13:00:00,10.34.170.1@CSN3_CMG-UP,MSM,
02.16.2023 13:00:00,10.34.170.1@CSN3_CMG-UP,CPM,
02.16.2023 13:00:00,10.34.170.1@CSN3_CMG-UP,CP-ISA,
02.16.2023 13:00:00,10.64.169.65@BTC_CMG-CP,CPM,
02.16.2023 13:00:00,10.64.169.65@BTC_CMG-CP,GN,72420
02.16.2023 13:00:00,10.64.169.65@BTC_CMG-CP,CP-ISA,
02.16.2023 13:00:00,10.64.169.65@BTC_CMG-CP,MSM,
02.16.2023 13:00:00,10.64.170.1@BTC_CMG-UP,CPM,
02.16.2023 13:00:00,10.64.170.1@BTC_CMG-UP,MSM,
02.16.2023 13:00:00,10.64.170.1@BTC_CMG-UP,CP-ISA,
02.16.2023 14:00:00,10.34.169.65@CSN3_CMG-CP,GN,14543
02.16.2023 14:00:00,10.34.169.65@CSN3_CMG-CP,MSM,
02.16.2023 14:00:00,10.34.169.65@CSN3_CMG-CP,CPM,
02.16.2023 14:00:00,10.34.169.65@CSN3_CMG-CP,CP-ISA,
02.16.2023 14:00:00,10.34.170.1@CSN3_CMG-UP,MSM,
02.16.2023 14:00:00,10.34.170.1@CSN3_CMG-UP,CPM,
02.16.2023 14:00:00,10.34.170.1@CSN3_CMG-UP,CP-ISA,
02.16.2023 14:00:00,10.64.169.65@BTC_CMG-CP,CPM,
02.16.2023 14:00:00,10.64.169.65@BTC_CMG-CP,GN,51746
02.16.2023 14:00:00,10.64.169.65@BTC_CMG-CP,CP-ISA,
02.16.2023 14:00:00,10.64.169.65@BTC_CMG-CP,MSM,
02.16.2023 14:00:00,10.64.170.1@BTC_CMG-UP,CPM,
02.16.2023 14:00:00,10.64.170.1@BTC_CMG-UP,MSM,
02.16.2023 14:00:00,10.64.170.1@BTC_CMG-UP,CP-ISA,
02.16.2023 15:00:00,10.34.169.65@CSN3_CMG-CP,GN,14048
02.16.2023 15:00:00,10.34.169.65@CSN3_CMG-CP,MSM,
02.16.2023 15:00:00,10.34.169.65@CSN3_CMG-CP,CPM,
02.16.2023 15:00:00,10.34.169.65@CSN3_CMG-CP,CP-ISA,
02.16.2023 15:00:00,10.34.170.1@CSN3_CMG-UP,MSM,
02.16.2023 15:00:00,10.34.170.1@CSN3_CMG-UP,CPM,
02.16.2023 15:00:00,10.34.170.1@CSN3_CMG-UP,CP-ISA,
02.16.2023 15:00:00,10.64.169.65@BTC_CMG-CP,CPM,
02.16.2023 15:00:00,10.64.169.65@BTC_CMG-CP,GN,65564
02.16.2023 15:00:00,10.64.169.65@BTC_CMG-CP,CP-ISA,
02.16.2023 15:00:00,10.64.169.65@BTC_CMG-CP,MSM,
02.16.2023 15:00:00,10.64.170.1@BTC_CMG-UP,CPM,
02.16.2023 15:00:00,10.64.170.1@BTC_CMG-UP,MSM,
02.16.2023 15:00:00,10.64.170.1@BTC_CMG-UP,CP-ISA,
02.16.2023 16:00:00,10.34.169.65@CSN3_CMG-CP,GN,14436
02.16.2023 16:00:00,10.34.169.65@CSN3_CMG-CP,MSM,
02.16.2023 16:00:00,10.34.169.65@CSN3_CMG-CP,CPM,
02.16.2023 16:00:00,10.34.169.65@CSN3_CMG-CP,CP-ISA,
02.16.2023 16:00:00,10.34.170.1@CSN3_CMG-UP,MSM,
02.16.2023 16:00:00,10.34.170.1@CSN3_CMG-UP,CPM,
02.16.2023 16:00:00,10.34.170.1@CSN3_CMG-UP,CP-ISA,
02.16.2023 16:00:00,10.64.169.65@BTC_CMG-CP,CPM,
02.16.2023 16:00:00,10.64.169.65@BTC_CMG-CP,GN,33345
02.16.2023 16:00:00,10.64.169.65@BTC_CMG-CP,CP-ISA,
02.16.2023 16:00:00,10.64.169.65@BTC_CMG-CP,MSM,
02.16.2023 16:00:00,10.64.170.1@BTC_CMG-UP,CPM,
02.16.2023 16:00:00,10.64.170.1@BTC_CMG-UP,MSM,
02.16.2023 16:00:00,10.64.170.1@BTC_CMG-UP,CP-ISA,
02.16.2023 17:00:00,10.34.169.65@CSN3_CMG-CP,CP-ISA,
02.16.2023 17:00:00,10.34.169.65@CSN3_CMG-CP,CPM,
02.16.2023 17:00:00,10.34.169.65@CSN3_CMG-CP,GN,11083
02.16.2023 17:00:00,10.34.169.65@CSN3_CMG-CP,MSM,
02.16.2023 17:00:00,10.34.170.1@CSN3_CMG-UP,CP-ISA,
02.16.2023 17:00:00,10.34.170.1@CSN3_CMG-UP,CPM,
02.16.2023 17:00:00,10.34.170.1@CSN3_CMG-UP,MSM,
02.16.2023 17:00:00,10.64.169.65@BTC_CMG-CP,MSM,
02.16.2023 17:00:00,10.64.169.65@BTC_CMG-CP,GN,72962
02.16.2023 17:00:00,10.64.169.65@BTC_CMG-CP,CPM,
02.16.2023 17:00:00,10.64.169.65@BTC_CMG-CP,CP-ISA,
02.16.2023 17:00:00,10.64.170.1@BTC_CMG-UP,CPM,
02.16.2023 17:00:00,10.64.170.1@BTC_CMG-UP,CP-ISA,
02.16.2023 17:00:00,10.64.170.1@BTC_CMG-UP,MSM,
02.16.2023 18:00:00,10.34.169.65@CSN3_CMG-CP,CP-ISA,
02.16.2023 18:00:00,10.34.169.65@CSN3_CMG-CP,CPM,
02.16.2023 18:00:00,10.34.169.65@CSN3_CMG-CP,GN,5210
02.16.2023 18:00:00,10.34.169.65@CSN3_CMG-CP,MSM,
02.16.2023 18:00:00,10.34.170.1@CSN3_CMG-UP,CPM,
02.16.2023 18:00:00,10.34.170.1@CSN3_CMG-UP,CP-ISA,
02.16.2023 18:00:00,10.34.170.1@CSN3_CMG-UP,MSM,
02.16.2023 18:00:00,10.64.169.65@BTC_CMG-CP,GN,46699
02.16.2023 18:00:00,10.64.169.65@BTC_CMG-CP,MSM,
02.16.2023 18:00:00,10.64.169.65@BTC_CMG-CP,CP-ISA,
02.16.2023 18:00:00,10.64.169.65@BTC_CMG-CP,CPM,
02.16.2023 18:00:00,10.64.170.1@BTC_CMG-UP,MSM,
02.16.2023 18:00:00,10.64.170.1@BTC_CMG-UP,CPM,
02.16.2023 18:00:00,10.64.170.1@BTC_CMG-UP,CP-ISA,
02.16.2023 19:00:00,10.34.169.65@CSN3_CMG-CP,GN,5216
02.16.2023 19:00:00,10.34.169.65@CSN3_CMG-CP,MSM,
02.16.2023 19:00:00,10.34.169.65@CSN3_CMG-CP,CPM,
02.16.2023 19:00:00,10.34.169.65@CSN3_CMG-CP,CP-ISA,
02.16.2023 19:00:00,10.34.170.1@CSN3_CMG-UP,MSM,
02.16.2023 19:00:00,10.34.170.1@CSN3_CMG-UP,CPM,
02.16.2023 19:00:00,10.34.170.1@CSN3_CMG-UP,CP-ISA,
02.16.2023 19:00:00,10.64.169.65@BTC_CMG-CP,CPM,
02.16.2023 19:00:00,10.64.169.65@BTC_CMG-CP,GN,29174
02.16.2023 19:00:00,10.64.169.65@BTC_CMG-CP,CP-ISA,
02.16.2023 19:00:00,10.64.169.65@BTC_CMG-CP,MSM,
02.16.2023 19:00:00,10.64.170.1@BTC_CMG-UP,CPM,
02.16.2023 19:00:00,10.64.170.1@BTC_CMG-UP,MSM,
02.16.2023 19:00:00,10.64.170.1@BTC_CMG-UP,CP-ISA,
02.16.2023 20:00:00,10.34.169.65@CSN3_CMG-CP,GN,4930
02.16.2023 20:00:00,10.34.169.65@CSN3_CMG-CP,MSM,
02.16.2023 20:00:00,10.34.169.65@CSN3_CMG-CP,CPM,
02.16.2023 20:00:00,10.34.169.65@CSN3_CMG-CP,CP-ISA,
02.16.2023 20:00:00,10.34.170.1@CSN3_CMG-UP,MSM,
02.16.2023 20:00:00,10.34.170.1@CSN3_CMG-UP,CPM,
02.16.2023 20:00:00,10.34.170.1@CSN3_CMG-UP,CP-ISA,
02.16.2023 20:00:00,10.64.169.65@BTC_CMG-CP,CPM,
02.16.2023 20:00:00,10.64.169.65@BTC_CMG-CP,GN,57962
02.16.2023 20:00:00,10.64.169.65@BTC_CMG-CP,CP-ISA,
02.16.2023 20:00:00,10.64.169.65@BTC_CMG-CP,MSM,
02.16.2023 20:00:00,10.64.170.1@BTC_CMG-UP,CPM,
02.16.2023 20:00:00,10.64.170.1@BTC_CMG-UP,MSM,
02.16.2023 20:00:00,10.64.170.1@BTC_CMG-UP,CP-ISA,
02.16.2023 21:00:00,10.34.169.65@CSN3_CMG-CP,GN,5061
02.16.2023 21:00:00,10.34.169.65@CSN3_CMG-CP,MSM,
02.16.2023 21:00:00,10.34.169.65@CSN3_CMG-CP,CPM,
02.16.2023 21:00:00,10.34.169.65@CSN3_CMG-CP,CP-ISA,
02.16.2023 21:00:00,10.34.170.1@CSN3_CMG-UP,MSM,
02.16.2023 21:00:00,10.34.170.1@CSN3_CMG-UP,CPM,
02.16.2023 21:00:00,10.34.170.1@CSN3_CMG-UP,CP-ISA,
02.16.2023 21:00:00,10.64.169.65@BTC_CMG-CP,CPM,
02.16.2023 21:00:00,10.64.169.65@BTC_CMG-CP,GN,54282
02.16.2023 21:00:00,10.64.169.65@BTC_CMG-CP,CP-ISA,
02.16.2023 21:00:00,10.64.169.65@BTC_CMG-CP,MSM,
02.16.2023 21:00:00,10.64.170.1@BTC_CMG-UP,CPM,
02.16.2023 21:00:00,10.64.170.1@BTC_CMG-UP,MSM,
02.16.2023 21:00:00,10.64.170.1@BTC_CMG-UP,CP-ISA,
02.16.2023 22:00:00,10.34.169.65@CSN3_CMG-CP,MSM,
02.16.2023 22:00:00,10.34.169.65@CSN3_CMG-CP,GN,4706
02.16.2023 22:00:00,10.34.169.65@CSN3_CMG-CP,CPM,
02.16.2023 22:00:00,10.34.169.65@CSN3_CMG-CP,CP-ISA,
02.16.2023 22:00:00,10.34.170.1@CSN3_CMG-UP,CP-ISA,
02.16.2023 22:00:00,10.34.170.1@CSN3_CMG-UP,CPM,
02.16.2023 22:00:00,10.34.170.1@CSN3_CMG-UP,MSM,
02.16.2023 22:00:00,10.64.169.65@BTC_CMG-CP,CPM,
02.16.2023 22:00:00,10.64.169.65@BTC_CMG-CP,MSM,
02.16.2023 22:00:00,10.64.169.65@BTC_CMG-CP,GN,46468
02.16.2023 22:00:00,10.64.169.65@BTC_CMG-CP,CP-ISA,
02.16.2023 22:00:00,10.64.170.1@BTC_CMG-UP,MSM,
02.16.2023 22:00:00,10.64.170.1@BTC_CMG-UP,CPM,
02.16.2023 22:00:00,10.64.170.1@BTC_CMG-UP,CP-ISA,
02.16.2023 23:00:00,10.34.169.65@CSN3_CMG-CP,GN,4500
02.16.2023 23:00:00,10.34.169.65@CSN3_CMG-CP,MSM,
02.16.2023 23:00:00,10.34.169.65@CSN3_CMG-CP,CPM,
02.16.2023 23:00:00,10.34.169.65@CSN3_CMG-CP,CP-ISA,
02.16.2023 23:00:00,10.34.170.1@CSN3_CMG-UP,MSM,
02.16.2023 23:00:00,10.34.170.1@CSN3_CMG-UP,CPM,
02.16.2023 23:00:00,10.34.170.1@CSN3_CMG-UP,CP-ISA,
02.16.2023 23:00:00,10.64.169.65@BTC_CMG-CP,CPM,
02.16.2023 23:00:00,10.64.169.65@BTC_CMG-CP,GN,37715
02.16.2023 23:00:00,10.64.169.65@BTC_CMG-CP,CP-ISA,
02.16.2023 23:00:00,10.64.169.65@BTC_CMG-CP,MSM,
02.16.2023 23:00:00,10.64.170.1@BTC_CMG-UP,CPM,
02.16.2023 23:00:00,10.64.170.1@BTC_CMG-UP,MSM,
02.16.2023 23:00:00,10.64.170.1@BTC_CMG-UP,CP-ISA,
